# Блоки тестовой станции (панели до 4 м), генерирует generate_layout.py.
# kind x0 y0 z0 sx sy sz — угол и размер в ячейках сетки 0,25 м; z — вверх.
slab 0 0 0 16 16 1
slab 16 0 0 16 16 1
slab 32 0 0 16 16 1
slab 48 0 0 16 16 1
slab 64 0 0 16 16 1
slab 80 0 0 16 16 1
slab 96 0 0 16 16 1
slab 112 0 0 16 16 1
slab 128 0 0 16 16 1
slab 144 0 0 16 16 1
slab 160 0 0 16 16 1
slab 176 0 0 16 16 1
slab 192 0 0 16 16 1
slab 208 0 0 16 16 1
slab 224 0 0 16 16 1
slab 240 0 0 16 16 1
slab 256 0 0 16 16 1
slab 272 0 0 16 16 1
slab 288 0 0 16 16 1
slab 304 0 0 16 16 1
slab 320 0 0 16 16 1
slab 336 0 0 16 16 1
slab 352 0 0 16 16 1
slab 368 0 0 16 16 1
slab 384 0 0 4 16 1
slab 0 16 0 16 16 1
slab 16 16 0 16 16 1
slab 32 16 0 16 16 1
slab 48 16 0 16 16 1
slab 64 16 0 16 16 1
slab 80 16 0 16 16 1
slab 96 16 0 16 16 1
slab 112 16 0 16 16 1
slab 128 16 0 16 16 1
slab 144 16 0 16 16 1
slab 160 16 0 16 16 1
slab 176 16 0 16 16 1
slab 192 16 0 16 16 1
slab 208 16 0 16 16 1
slab 224 16 0 16 16 1
slab 240 16 0 16 16 1
slab 256 16 0 16 16 1
slab 272 16 0 16 16 1
slab 288 16 0 16 16 1
slab 304 16 0 16 16 1
slab 320 16 0 16 16 1
slab 336 16 0 16 16 1
slab 352 16 0 16 16 1
slab 368 16 0 16 16 1
slab 384 16 0 4 16 1
slab 0 32 0 16 16 1
slab 16 32 0 16 16 1
slab 32 32 0 16 16 1
slab 48 32 0 16 16 1
slab 64 32 0 16 16 1
slab 80 32 0 16 16 1
slab 96 32 0 16 16 1
slab 112 32 0 16 16 1
slab 128 32 0 16 16 1
slab 144 32 0 16 16 1
slab 160 32 0 16 16 1
slab 176 32 0 16 16 1
slab 192 32 0 16 16 1
slab 208 32 0 16 16 1
slab 224 32 0 16 16 1
slab 240 32 0 16 16 1
slab 256 32 0 16 16 1
slab 272 32 0 16 16 1
slab 288 32 0 16 16 1
slab 304 32 0 16 16 1
slab 320 32 0 16 16 1
slab 336 32 0 16 16 1
slab 352 32 0 16 16 1
slab 368 32 0 16 16 1
slab 384 32 0 4 16 1
slab 0 48 0 16 16 1
slab 16 48 0 16 16 1
slab 32 48 0 16 16 1
slab 48 48 0 16 16 1
slab 64 48 0 16 16 1
slab 80 48 0 16 16 1
slab 96 48 0 16 16 1
slab 112 48 0 16 16 1
slab 128 48 0 16 16 1
slab 144 48 0 16 16 1
slab 160 48 0 16 16 1
slab 176 48 0 16 16 1
slab 192 48 0 16 16 1
slab 208 48 0 16 16 1
slab 224 48 0 16 16 1
slab 240 48 0 16 16 1
slab 256 48 0 16 16 1
slab 272 48 0 16 16 1
slab 288 48 0 16 16 1
slab 304 48 0 16 16 1
slab 320 48 0 16 16 1
slab 336 48 0 16 16 1
slab 352 48 0 16 16 1
slab 368 48 0 16 16 1
slab 384 48 0 4 16 1
slab 0 64 0 16 16 1
slab 16 64 0 16 16 1
slab 32 64 0 16 16 1
slab 48 64 0 16 16 1
slab 64 64 0 16 16 1
slab 80 64 0 16 16 1
slab 96 64 0 16 16 1
slab 112 64 0 16 16 1
slab 128 64 0 16 16 1
slab 144 64 0 16 16 1
slab 160 64 0 16 16 1
slab 176 64 0 16 16 1
slab 192 64 0 16 16 1
slab 208 64 0 16 16 1
slab 224 64 0 16 16 1
slab 240 64 0 16 16 1
slab 256 64 0 16 16 1
slab 272 64 0 16 16 1
slab 288 64 0 16 16 1
slab 304 64 0 16 16 1
slab 320 64 0 16 16 1
slab 336 64 0 16 16 1
slab 352 64 0 16 16 1
slab 368 64 0 16 16 1
slab 384 64 0 4 16 1
slab 0 80 0 16 16 1
slab 16 80 0 16 16 1
slab 32 80 0 16 16 1
slab 48 80 0 16 16 1
slab 64 80 0 16 16 1
slab 80 80 0 16 16 1
slab 96 80 0 16 16 1
slab 112 80 0 16 16 1
slab 128 80 0 16 16 1
slab 144 80 0 16 16 1
slab 160 80 0 16 16 1
slab 176 80 0 16 16 1
slab 192 80 0 16 16 1
slab 208 80 0 16 16 1
slab 224 80 0 16 16 1
slab 240 80 0 16 16 1
slab 256 80 0 16 16 1
slab 272 80 0 16 16 1
slab 288 80 0 16 16 1
slab 304 80 0 16 16 1
slab 320 80 0 16 16 1
slab 336 80 0 16 16 1
slab 352 80 0 16 16 1
slab 368 80 0 16 16 1
slab 384 80 0 4 16 1
slab 0 96 0 16 16 1
slab 16 96 0 16 16 1
slab 32 96 0 16 16 1
slab 48 96 0 16 16 1
slab 64 96 0 16 16 1
slab 80 96 0 16 16 1
slab 96 96 0 16 16 1
slab 112 96 0 16 16 1
slab 128 96 0 16 16 1
slab 144 96 0 16 16 1
slab 160 96 0 16 16 1
slab 176 96 0 16 16 1
slab 192 96 0 16 16 1
slab 208 96 0 16 16 1
slab 224 96 0 16 16 1
slab 240 96 0 16 16 1
slab 256 96 0 16 16 1
slab 272 96 0 16 16 1
slab 288 96 0 16 16 1
slab 304 96 0 16 16 1
slab 320 96 0 16 16 1
slab 336 96 0 16 16 1
slab 352 96 0 16 16 1
slab 368 96 0 16 16 1
slab 384 96 0 4 16 1
slab 0 112 0 16 16 1
slab 16 112 0 16 16 1
slab 32 112 0 16 16 1
slab 48 112 0 16 16 1
slab 64 112 0 16 16 1
slab 80 112 0 16 16 1
slab 96 112 0 16 16 1
slab 112 112 0 16 16 1
slab 128 112 0 16 16 1
slab 144 112 0 16 16 1
slab 160 112 0 16 16 1
slab 176 112 0 16 16 1
slab 192 112 0 16 16 1
slab 208 112 0 16 16 1
slab 224 112 0 16 16 1
slab 240 112 0 16 16 1
slab 256 112 0 16 16 1
slab 272 112 0 16 16 1
slab 288 112 0 16 16 1
slab 304 112 0 16 16 1
slab 320 112 0 16 16 1
slab 336 112 0 16 16 1
slab 352 112 0 16 16 1
slab 368 112 0 16 16 1
slab 384 112 0 4 16 1
slab 0 128 0 16 16 1
slab 16 128 0 16 16 1
slab 32 128 0 16 16 1
slab 48 128 0 16 16 1
slab 64 128 0 16 16 1
slab 80 128 0 16 16 1
slab 96 128 0 16 16 1
slab 112 128 0 16 16 1
slab 128 128 0 16 16 1
slab 144 128 0 16 16 1
slab 160 128 0 16 16 1
slab 176 128 0 16 16 1
slab 192 128 0 16 16 1
slab 208 128 0 16 16 1
slab 224 128 0 16 16 1
slab 240 128 0 16 16 1
slab 256 128 0 16 16 1
slab 272 128 0 16 16 1
slab 288 128 0 16 16 1
slab 304 128 0 16 16 1
slab 320 128 0 16 16 1
slab 336 128 0 16 16 1
slab 352 128 0 16 16 1
slab 368 128 0 16 16 1
slab 384 128 0 4 16 1
slab 0 144 0 16 16 1
slab 16 144 0 16 16 1
slab 32 144 0 16 16 1
slab 48 144 0 16 16 1
slab 64 144 0 16 16 1
slab 80 144 0 16 16 1
slab 96 144 0 16 16 1
slab 112 144 0 16 16 1
slab 128 144 0 16 16 1
slab 144 144 0 16 16 1
slab 160 144 0 16 16 1
slab 176 144 0 16 16 1
slab 192 144 0 16 16 1
slab 208 144 0 16 16 1
slab 224 144 0 16 16 1
slab 240 144 0 16 16 1
slab 256 144 0 16 16 1
slab 272 144 0 16 16 1
slab 288 144 0 16 16 1
slab 304 144 0 16 16 1
slab 320 144 0 16 16 1
slab 336 144 0 16 16 1
slab 352 144 0 16 16 1
slab 368 144 0 16 16 1
slab 384 144 0 4 16 1
slab 0 160 0 16 16 1
slab 16 160 0 16 16 1
slab 32 160 0 16 16 1
slab 48 160 0 16 16 1
slab 64 160 0 16 16 1
slab 80 160 0 16 16 1
slab 96 160 0 16 16 1
slab 112 160 0 16 16 1
slab 128 160 0 16 16 1
slab 144 160 0 16 16 1
slab 160 160 0 16 16 1
slab 176 160 0 16 16 1
slab 192 160 0 16 16 1
slab 208 160 0 16 16 1
slab 224 160 0 16 16 1
slab 240 160 0 16 16 1
slab 256 160 0 16 16 1
slab 272 160 0 16 16 1
slab 288 160 0 16 16 1
slab 304 160 0 16 16 1
slab 320 160 0 16 16 1
slab 336 160 0 16 16 1
slab 352 160 0 16 16 1
slab 368 160 0 16 16 1
slab 384 160 0 4 16 1
slab 0 176 0 16 16 1
slab 16 176 0 16 16 1
slab 32 176 0 16 16 1
slab 48 176 0 16 16 1
slab 64 176 0 16 16 1
slab 80 176 0 16 16 1
slab 96 176 0 16 16 1
slab 112 176 0 16 16 1
slab 128 176 0 16 16 1
slab 144 176 0 16 16 1
slab 160 176 0 16 16 1
slab 176 176 0 16 16 1
slab 192 176 0 16 16 1
slab 208 176 0 16 16 1
slab 224 176 0 16 16 1
slab 240 176 0 16 16 1
slab 256 176 0 16 16 1
slab 272 176 0 16 16 1
slab 288 176 0 16 16 1
slab 304 176 0 16 16 1
slab 320 176 0 16 16 1
slab 336 176 0 16 16 1
slab 352 176 0 16 16 1
slab 368 176 0 16 16 1
slab 384 176 0 4 16 1
slab 0 192 0 16 4 1
slab 16 192 0 16 4 1
slab 32 192 0 16 4 1
slab 48 192 0 16 4 1
slab 64 192 0 16 4 1
slab 80 192 0 16 4 1
slab 96 192 0 16 4 1
slab 112 192 0 16 4 1
slab 128 192 0 16 4 1
slab 144 192 0 16 4 1
slab 160 192 0 16 4 1
slab 176 192 0 16 4 1
slab 192 192 0 16 4 1
slab 208 192 0 16 4 1
slab 224 192 0 16 4 1
slab 240 192 0 16 4 1
slab 256 192 0 16 4 1
slab 272 192 0 16 4 1
slab 288 192 0 16 4 1
slab 304 192 0 16 4 1
slab 320 192 0 16 4 1
slab 336 192 0 16 4 1
slab 352 192 0 16 4 1
slab 368 192 0 16 4 1
slab 384 192 0 4 4 1
slab 0 0 16 16 12 1
slab 16 0 16 16 12 1
slab 32 0 16 16 12 1
slab 48 0 16 16 12 1
slab 64 0 16 16 12 1
slab 80 0 16 16 12 1
slab 96 0 16 16 12 1
slab 112 0 16 16 12 1
slab 128 0 16 16 12 1
slab 144 0 16 16 12 1
slab 160 0 16 16 12 1
slab 176 0 16 16 12 1
slab 192 0 16 16 12 1
slab 208 0 16 16 12 1
slab 224 0 16 16 12 1
slab 240 0 16 16 12 1
slab 256 0 16 16 12 1
slab 272 0 16 16 12 1
slab 288 0 16 16 12 1
slab 304 0 16 16 12 1
slab 320 0 16 16 12 1
slab 336 0 16 16 12 1
slab 352 0 16 16 12 1
slab 368 0 16 16 12 1
slab 384 0 16 4 12 1
slab 0 12 16 8 8 1
slab 16 12 16 16 8 1
slab 32 12 16 16 8 1
slab 48 12 16 16 8 1
slab 64 12 16 16 8 1
slab 80 12 16 16 8 1
slab 96 12 16 16 8 1
slab 112 12 16 16 8 1
slab 128 12 16 16 8 1
slab 144 12 16 16 8 1
slab 160 12 16 16 8 1
slab 176 12 16 16 8 1
slab 192 12 16 16 8 1
slab 208 12 16 16 8 1
slab 224 12 16 16 8 1
slab 240 12 16 16 8 1
slab 256 12 16 16 8 1
slab 272 12 16 16 8 1
slab 288 12 16 16 8 1
slab 304 12 16 16 8 1
slab 320 12 16 16 8 1
slab 336 12 16 16 8 1
slab 352 12 16 16 8 1
slab 368 12 16 4 8 1
slab 380 12 16 8 8 1
slab 0 20 16 16 16 1
slab 16 20 16 16 16 1
slab 32 20 16 16 16 1
slab 48 20 16 16 16 1
slab 64 20 16 16 16 1
slab 80 20 16 16 16 1
slab 96 20 16 16 16 1
slab 112 20 16 16 16 1
slab 128 20 16 16 16 1
slab 144 20 16 16 16 1
slab 160 20 16 16 16 1
slab 176 20 16 16 16 1
slab 192 20 16 16 16 1
slab 208 20 16 16 16 1
slab 224 20 16 16 16 1
slab 240 20 16 16 16 1
slab 256 20 16 16 16 1
slab 272 20 16 16 16 1
slab 288 20 16 16 16 1
slab 304 20 16 16 16 1
slab 320 20 16 16 16 1
slab 336 20 16 16 16 1
slab 352 20 16 16 16 1
slab 368 20 16 16 16 1
slab 384 20 16 4 16 1
slab 0 36 16 16 16 1
slab 16 36 16 16 16 1
slab 32 36 16 16 16 1
slab 48 36 16 16 16 1
slab 64 36 16 16 16 1
slab 80 36 16 16 16 1
slab 96 36 16 16 16 1
slab 112 36 16 16 16 1
slab 128 36 16 16 16 1
slab 144 36 16 16 16 1
slab 160 36 16 16 16 1
slab 176 36 16 16 16 1
slab 192 36 16 16 16 1
slab 208 36 16 16 16 1
slab 224 36 16 16 16 1
slab 240 36 16 16 16 1
slab 256 36 16 16 16 1
slab 272 36 16 16 16 1
slab 288 36 16 16 16 1
slab 304 36 16 16 16 1
slab 320 36 16 16 16 1
slab 336 36 16 16 16 1
slab 352 36 16 16 16 1
slab 368 36 16 16 16 1
slab 384 36 16 4 16 1
slab 64 52 16 16 16 1
slab 80 52 16 16 16 1
slab 96 52 16 16 16 1
slab 112 52 16 16 16 1
slab 128 52 16 16 16 1
slab 144 52 16 16 16 1
slab 160 52 16 16 16 1
slab 176 52 16 16 16 1
slab 192 52 16 16 16 1
slab 208 52 16 16 16 1
slab 224 52 16 16 16 1
slab 240 52 16 16 16 1
slab 256 52 16 16 16 1
slab 272 52 16 16 16 1
slab 288 52 16 16 16 1
slab 304 52 16 16 16 1
slab 320 52 16 16 16 1
slab 336 52 16 16 16 1
slab 352 52 16 16 16 1
slab 368 52 16 16 16 1
slab 384 52 16 4 16 1
slab 64 68 16 16 4 1
slab 80 68 16 16 4 1
slab 96 68 16 16 4 1
slab 112 68 16 16 4 1
slab 128 68 16 16 4 1
slab 144 68 16 16 4 1
slab 160 68 16 16 4 1
slab 176 68 16 16 4 1
slab 192 68 16 16 4 1
slab 208 68 16 16 4 1
slab 224 68 16 16 4 1
slab 240 68 16 16 4 1
slab 256 68 16 16 4 1
slab 272 68 16 16 4 1
slab 288 68 16 16 4 1
slab 304 68 16 16 4 1
slab 320 68 16 16 4 1
slab 336 68 16 16 4 1
slab 352 68 16 16 4 1
slab 368 68 16 16 4 1
slab 384 68 16 4 4 1
slab 0 52 16 16 16 1
slab 16 52 16 12 16 1
slab 0 68 16 16 16 1
slab 16 68 16 12 16 1
slab 0 84 16 16 4 1
slab 16 84 16 12 4 1
slab 200 72 16 16 16 1
slab 216 72 16 16 16 1
slab 232 72 16 16 16 1
slab 248 72 16 16 16 1
slab 264 72 16 16 16 1
slab 280 72 16 16 16 1
slab 296 72 16 16 16 1
slab 312 72 16 16 16 1
slab 328 72 16 16 16 1
slab 344 72 16 16 16 1
slab 360 72 16 16 16 1
slab 376 72 16 12 16 1
slab 64 72 16 16 16 1
slab 80 72 16 16 16 1
slab 96 72 16 16 16 1
slab 112 72 16 16 16 1
slab 128 72 16 16 16 1
slab 144 72 16 16 16 1
slab 160 72 16 16 16 1
slab 176 72 16 12 16 1
slab 0 88 16 16 16 1
slab 16 88 16 16 16 1
slab 32 88 16 16 16 1
slab 48 88 16 16 16 1
slab 64 88 16 16 16 1
slab 80 88 16 16 16 1
slab 96 88 16 16 16 1
slab 112 88 16 16 16 1
slab 128 88 16 16 16 1
slab 144 88 16 16 16 1
slab 160 88 16 16 16 1
slab 176 88 16 16 16 1
slab 192 88 16 16 16 1
slab 208 88 16 16 16 1
slab 224 88 16 16 16 1
slab 240 88 16 16 16 1
slab 256 88 16 16 16 1
slab 272 88 16 16 16 1
slab 288 88 16 16 16 1
slab 304 88 16 16 16 1
slab 320 88 16 16 16 1
slab 336 88 16 16 16 1
slab 352 88 16 16 16 1
slab 368 88 16 16 16 1
slab 384 88 16 4 16 1
slab 0 104 16 16 4 1
slab 16 104 16 16 4 1
slab 32 104 16 16 4 1
slab 48 104 16 16 4 1
slab 64 104 16 16 4 1
slab 80 104 16 16 4 1
slab 96 104 16 16 4 1
slab 112 104 16 16 4 1
slab 128 104 16 16 4 1
slab 144 104 16 16 4 1
slab 160 104 16 16 4 1
slab 176 104 16 16 4 1
slab 192 104 16 16 4 1
slab 208 104 16 16 4 1
slab 224 104 16 16 4 1
slab 240 104 16 16 4 1
slab 256 104 16 16 4 1
slab 272 104 16 16 4 1
slab 288 104 16 16 4 1
slab 304 104 16 16 4 1
slab 320 104 16 16 4 1
slab 336 104 16 16 4 1
slab 352 104 16 16 4 1
slab 368 104 16 16 4 1
slab 384 104 16 4 4 1
slab 360 108 16 16 16 1
slab 376 108 16 12 16 1
slab 360 124 16 16 16 1
slab 376 124 16 12 16 1
slab 360 140 16 16 4 1
slab 376 140 16 12 4 1
slab 0 108 16 16 16 1
slab 16 108 16 16 16 1
slab 32 108 16 16 16 1
slab 48 108 16 16 16 1
slab 64 108 16 16 16 1
slab 80 108 16 16 16 1
slab 96 108 16 16 16 1
slab 112 108 16 16 16 1
slab 128 108 16 16 16 1
slab 144 108 16 16 16 1
slab 160 108 16 16 16 1
slab 176 108 16 16 16 1
slab 192 108 16 16 16 1
slab 208 108 16 16 16 1
slab 224 108 16 16 16 1
slab 240 108 16 16 16 1
slab 256 108 16 16 16 1
slab 272 108 16 16 16 1
slab 288 108 16 16 16 1
slab 304 108 16 16 16 1
slab 320 108 16 4 16 1
slab 0 124 16 16 16 1
slab 16 124 16 16 16 1
slab 32 124 16 16 16 1
slab 48 124 16 16 16 1
slab 64 124 16 16 16 1
slab 80 124 16 16 16 1
slab 96 124 16 16 16 1
slab 112 124 16 16 16 1
slab 128 124 16 16 16 1
slab 144 124 16 16 16 1
slab 160 124 16 16 16 1
slab 176 124 16 16 16 1
slab 192 124 16 16 16 1
slab 208 124 16 16 16 1
slab 224 124 16 16 16 1
slab 240 124 16 16 16 1
slab 256 124 16 16 16 1
slab 272 124 16 16 16 1
slab 288 124 16 16 16 1
slab 304 124 16 16 16 1
slab 320 124 16 4 16 1
slab 0 140 16 16 4 1
slab 16 140 16 16 4 1
slab 32 140 16 16 4 1
slab 48 140 16 16 4 1
slab 64 140 16 16 4 1
slab 80 140 16 16 4 1
slab 96 140 16 16 4 1
slab 112 140 16 16 4 1
slab 128 140 16 16 4 1
slab 144 140 16 16 4 1
slab 160 140 16 16 4 1
slab 176 140 16 16 4 1
slab 192 140 16 16 4 1
slab 208 140 16 16 4 1
slab 224 140 16 16 4 1
slab 240 140 16 16 4 1
slab 256 140 16 16 4 1
slab 272 140 16 16 4 1
slab 288 140 16 16 4 1
slab 304 140 16 16 4 1
slab 320 140 16 4 4 1
slab 0 144 16 16 16 1
slab 16 144 16 16 16 1
slab 32 144 16 16 16 1
slab 48 144 16 16 16 1
slab 64 144 16 16 16 1
slab 80 144 16 16 16 1
slab 96 144 16 16 16 1
slab 112 144 16 16 16 1
slab 128 144 16 16 16 1
slab 144 144 16 16 16 1
slab 160 144 16 16 16 1
slab 176 144 16 16 16 1
slab 192 144 16 16 16 1
slab 208 144 16 16 16 1
slab 224 144 16 16 16 1
slab 240 144 16 16 16 1
slab 256 144 16 16 16 1
slab 272 144 16 16 16 1
slab 288 144 16 16 16 1
slab 304 144 16 16 16 1
slab 320 144 16 16 16 1
slab 336 144 16 16 16 1
slab 352 144 16 16 16 1
slab 368 144 16 16 16 1
slab 384 144 16 4 16 1
slab 0 160 16 16 16 1
slab 16 160 16 16 16 1
slab 32 160 16 16 16 1
slab 48 160 16 16 16 1
slab 64 160 16 16 16 1
slab 80 160 16 16 16 1
slab 96 160 16 16 16 1
slab 112 160 16 16 16 1
slab 128 160 16 16 16 1
slab 144 160 16 16 16 1
slab 160 160 16 16 16 1
slab 176 160 16 16 16 1
slab 192 160 16 16 16 1
slab 208 160 16 16 16 1
slab 224 160 16 16 16 1
slab 240 160 16 16 16 1
slab 256 160 16 16 16 1
slab 272 160 16 16 16 1
slab 288 160 16 16 16 1
slab 304 160 16 16 16 1
slab 320 160 16 16 16 1
slab 336 160 16 16 16 1
slab 352 160 16 16 16 1
slab 368 160 16 16 16 1
slab 384 160 16 4 16 1
slab 0 176 16 8 8 1
slab 16 176 16 16 8 1
slab 32 176 16 16 8 1
slab 48 176 16 16 8 1
slab 64 176 16 16 8 1
slab 80 176 16 16 8 1
slab 96 176 16 16 8 1
slab 112 176 16 16 8 1
slab 128 176 16 16 8 1
slab 144 176 16 16 8 1
slab 160 176 16 16 8 1
slab 176 176 16 16 8 1
slab 192 176 16 16 8 1
slab 208 176 16 16 8 1
slab 224 176 16 16 8 1
slab 240 176 16 16 8 1
slab 256 176 16 16 8 1
slab 272 176 16 16 8 1
slab 288 176 16 16 8 1
slab 304 176 16 16 8 1
slab 320 176 16 16 8 1
slab 336 176 16 16 8 1
slab 352 176 16 16 8 1
slab 368 176 16 4 8 1
slab 380 176 16 8 8 1
slab 0 184 16 16 12 1
slab 16 184 16 16 12 1
slab 32 184 16 16 12 1
slab 48 184 16 16 12 1
slab 64 184 16 16 12 1
slab 80 184 16 16 12 1
slab 96 184 16 16 12 1
slab 112 184 16 16 12 1
slab 128 184 16 16 12 1
slab 144 184 16 16 12 1
slab 160 184 16 16 12 1
slab 176 184 16 16 12 1
slab 192 184 16 16 12 1
slab 208 184 16 16 12 1
slab 224 184 16 16 12 1
slab 240 184 16 16 12 1
slab 256 184 16 16 12 1
slab 272 184 16 16 12 1
slab 288 184 16 16 12 1
slab 304 184 16 16 12 1
slab 320 184 16 16 12 1
slab 336 184 16 16 12 1
slab 352 184 16 16 12 1
slab 368 184 16 16 12 1
slab 384 184 16 4 12 1
slab 0 0 32 16 16 1
slab 16 0 32 16 16 1
slab 32 0 32 16 16 1
slab 48 0 32 16 16 1
slab 64 0 32 16 16 1
slab 80 0 32 16 16 1
slab 96 0 32 16 16 1
slab 112 0 32 16 16 1
slab 128 0 32 16 16 1
slab 144 0 32 16 16 1
slab 160 0 32 16 16 1
slab 176 0 32 16 16 1
slab 192 0 32 16 16 1
slab 208 0 32 16 16 1
slab 224 0 32 16 16 1
slab 240 0 32 16 16 1
slab 256 0 32 16 16 1
slab 272 0 32 16 16 1
slab 288 0 32 16 16 1
slab 304 0 32 16 16 1
slab 320 0 32 16 16 1
slab 336 0 32 16 16 1
slab 352 0 32 16 16 1
slab 368 0 32 16 16 1
slab 384 0 32 4 16 1
slab 0 16 32 16 16 1
slab 16 16 32 16 16 1
slab 32 16 32 16 16 1
slab 48 16 32 16 16 1
slab 64 16 32 16 16 1
slab 80 16 32 16 16 1
slab 96 16 32 16 16 1
slab 112 16 32 16 16 1
slab 128 16 32 16 16 1
slab 144 16 32 16 16 1
slab 160 16 32 16 16 1
slab 176 16 32 16 16 1
slab 192 16 32 16 16 1
slab 208 16 32 16 16 1
slab 224 16 32 16 16 1
slab 240 16 32 16 16 1
slab 256 16 32 16 16 1
slab 272 16 32 16 16 1
slab 288 16 32 16 16 1
slab 304 16 32 16 16 1
slab 320 16 32 16 16 1
slab 336 16 32 16 16 1
slab 352 16 32 16 16 1
slab 368 16 32 16 16 1
slab 384 16 32 4 16 1
slab 0 32 32 16 16 1
slab 16 32 32 16 16 1
slab 32 32 32 16 16 1
slab 48 32 32 16 16 1
slab 64 32 32 16 16 1
slab 80 32 32 16 16 1
slab 96 32 32 16 16 1
slab 112 32 32 16 16 1
slab 128 32 32 16 16 1
slab 144 32 32 16 16 1
slab 160 32 32 16 16 1
slab 176 32 32 16 16 1
slab 192 32 32 16 16 1
slab 208 32 32 16 16 1
slab 224 32 32 16 16 1
slab 240 32 32 16 16 1
slab 256 32 32 16 16 1
slab 272 32 32 16 16 1
slab 288 32 32 16 16 1
slab 304 32 32 16 16 1
slab 320 32 32 16 16 1
slab 336 32 32 16 16 1
slab 352 32 32 16 16 1
slab 368 32 32 16 16 1
slab 384 32 32 4 16 1
slab 0 48 32 16 16 1
slab 16 48 32 16 16 1
slab 32 48 32 16 16 1
slab 48 48 32 16 16 1
slab 64 48 32 16 16 1
slab 80 48 32 16 16 1
slab 96 48 32 16 16 1
slab 112 48 32 16 16 1
slab 128 48 32 16 16 1
slab 144 48 32 16 16 1
slab 160 48 32 16 16 1
slab 176 48 32 16 16 1
slab 192 48 32 16 16 1
slab 208 48 32 16 16 1
slab 224 48 32 16 16 1
slab 240 48 32 16 16 1
slab 256 48 32 16 16 1
slab 272 48 32 16 16 1
slab 288 48 32 16 16 1
slab 304 48 32 16 16 1
slab 320 48 32 16 16 1
slab 336 48 32 16 16 1
slab 352 48 32 16 16 1
slab 368 48 32 16 16 1
slab 384 48 32 4 16 1
slab 0 64 32 16 8 1
slab 16 64 32 16 8 1
slab 32 64 32 16 8 1
slab 48 64 32 16 8 1
slab 64 64 32 16 8 1
slab 80 64 32 16 8 1
slab 96 64 32 16 8 1
slab 112 64 32 16 8 1
slab 128 64 32 16 8 1
slab 144 64 32 16 8 1
slab 160 64 32 16 8 1
slab 176 64 32 16 8 1
slab 192 64 32 16 8 1
slab 208 64 32 16 8 1
slab 224 64 32 16 8 1
slab 240 64 32 16 8 1
slab 256 64 32 16 8 1
slab 272 64 32 16 8 1
slab 288 64 32 16 8 1
slab 304 64 32 16 8 1
slab 320 64 32 16 8 1
slab 336 64 32 16 8 1
slab 352 64 32 16 8 1
slab 368 64 32 16 8 1
slab 384 64 32 4 8 1
slab 0 72 32 16 16 1
slab 16 72 32 16 16 1
slab 32 72 32 16 16 1
slab 48 72 32 16 16 1
slab 64 72 32 16 16 1
slab 80 72 32 16 16 1
slab 96 72 32 16 16 1
slab 112 72 32 16 16 1
slab 128 72 32 16 16 1
slab 144 72 32 16 16 1
slab 160 72 32 16 16 1
slab 176 72 32 12 16 1
slab 200 72 32 16 16 1
slab 216 72 32 16 16 1
slab 232 72 32 16 16 1
slab 248 72 32 16 16 1
slab 264 72 32 16 16 1
slab 280 72 32 16 16 1
slab 296 72 32 16 16 1
slab 312 72 32 16 16 1
slab 328 72 32 16 16 1
slab 344 72 32 16 16 1
slab 360 72 32 16 16 1
slab 376 72 32 12 16 1
slab 0 88 32 16 16 1
slab 16 88 32 16 16 1
slab 32 88 32 16 16 1
slab 48 88 32 16 16 1
slab 64 88 32 16 16 1
slab 80 88 32 16 16 1
slab 96 88 32 16 16 1
slab 112 88 32 16 16 1
slab 128 88 32 16 16 1
slab 144 88 32 16 16 1
slab 160 88 32 16 16 1
slab 176 88 32 16 16 1
slab 192 88 32 16 16 1
slab 208 88 32 16 16 1
slab 224 88 32 16 16 1
slab 240 88 32 16 16 1
slab 256 88 32 16 16 1
slab 272 88 32 16 16 1
slab 288 88 32 16 16 1
slab 304 88 32 16 16 1
slab 320 88 32 16 16 1
slab 336 88 32 16 16 1
slab 352 88 32 16 16 1
slab 368 88 32 16 16 1
slab 384 88 32 4 16 1
slab 0 104 32 16 16 1
slab 16 104 32 16 16 1
slab 32 104 32 16 16 1
slab 48 104 32 16 16 1
slab 64 104 32 16 16 1
slab 80 104 32 16 16 1
slab 96 104 32 16 16 1
slab 112 104 32 16 16 1
slab 128 104 32 16 16 1
slab 144 104 32 16 16 1
slab 160 104 32 16 16 1
slab 176 104 32 16 16 1
slab 192 104 32 16 16 1
slab 208 104 32 16 16 1
slab 224 104 32 16 16 1
slab 240 104 32 16 16 1
slab 256 104 32 16 16 1
slab 272 104 32 16 16 1
slab 288 104 32 16 16 1
slab 304 104 32 16 16 1
slab 320 104 32 16 16 1
slab 336 104 32 16 16 1
slab 352 104 32 16 16 1
slab 368 104 32 16 16 1
slab 384 104 32 4 16 1
slab 0 120 32 16 16 1
slab 16 120 32 16 16 1
slab 32 120 32 16 16 1
slab 48 120 32 16 16 1
slab 64 120 32 16 16 1
slab 80 120 32 16 16 1
slab 96 120 32 16 16 1
slab 112 120 32 16 16 1
slab 128 120 32 16 16 1
slab 144 120 32 16 16 1
slab 160 120 32 16 16 1
slab 176 120 32 16 16 1
slab 192 120 32 16 16 1
slab 208 120 32 16 16 1
slab 224 120 32 16 16 1
slab 240 120 32 16 16 1
slab 256 120 32 16 16 1
slab 272 120 32 16 16 1
slab 288 120 32 16 16 1
slab 304 120 32 16 16 1
slab 320 120 32 16 16 1
slab 336 120 32 16 16 1
slab 352 120 32 16 16 1
slab 368 120 32 16 16 1
slab 384 120 32 4 16 1
slab 0 136 32 16 16 1
slab 16 136 32 16 16 1
slab 32 136 32 16 16 1
slab 48 136 32 16 16 1
slab 64 136 32 16 16 1
slab 80 136 32 16 16 1
slab 96 136 32 16 16 1
slab 112 136 32 16 16 1
slab 128 136 32 16 16 1
slab 144 136 32 16 16 1
slab 160 136 32 16 16 1
slab 176 136 32 16 16 1
slab 192 136 32 16 16 1
slab 208 136 32 16 16 1
slab 224 136 32 16 16 1
slab 240 136 32 16 16 1
slab 256 136 32 16 16 1
slab 272 136 32 16 16 1
slab 288 136 32 16 16 1
slab 304 136 32 16 16 1
slab 320 136 32 16 16 1
slab 336 136 32 16 16 1
slab 352 136 32 16 16 1
slab 368 136 32 16 16 1
slab 384 136 32 4 16 1
slab 0 152 32 16 16 1
slab 16 152 32 16 16 1
slab 32 152 32 16 16 1
slab 48 152 32 16 16 1
slab 64 152 32 16 16 1
slab 80 152 32 16 16 1
slab 96 152 32 16 16 1
slab 112 152 32 16 16 1
slab 128 152 32 16 16 1
slab 144 152 32 16 16 1
slab 160 152 32 16 16 1
slab 176 152 32 16 16 1
slab 192 152 32 16 16 1
slab 208 152 32 16 16 1
slab 224 152 32 16 16 1
slab 240 152 32 16 16 1
slab 256 152 32 16 16 1
slab 272 152 32 16 16 1
slab 288 152 32 16 16 1
slab 304 152 32 16 16 1
slab 320 152 32 16 16 1
slab 336 152 32 16 16 1
slab 352 152 32 16 16 1
slab 368 152 32 16 16 1
slab 384 152 32 4 16 1
slab 0 168 32 16 16 1
slab 16 168 32 16 16 1
slab 32 168 32 16 16 1
slab 48 168 32 16 16 1
slab 64 168 32 16 16 1
slab 80 168 32 16 16 1
slab 96 168 32 16 16 1
slab 112 168 32 16 16 1
slab 128 168 32 16 16 1
slab 144 168 32 16 16 1
slab 160 168 32 16 16 1
slab 176 168 32 16 16 1
slab 192 168 32 16 16 1
slab 208 168 32 16 16 1
slab 224 168 32 16 16 1
slab 240 168 32 16 16 1
slab 256 168 32 16 16 1
slab 272 168 32 16 16 1
slab 288 168 32 16 16 1
slab 304 168 32 16 16 1
slab 320 168 32 16 16 1
slab 336 168 32 16 16 1
slab 352 168 32 16 16 1
slab 368 168 32 16 16 1
slab 384 168 32 4 16 1
slab 0 184 32 16 12 1
slab 16 184 32 16 12 1
slab 32 184 32 16 12 1
slab 48 184 32 16 12 1
slab 64 184 32 16 12 1
slab 80 184 32 16 12 1
slab 96 184 32 16 12 1
slab 112 184 32 16 12 1
slab 128 184 32 16 12 1
slab 144 184 32 16 12 1
slab 160 184 32 16 12 1
slab 176 184 32 16 12 1
slab 192 184 32 16 12 1
slab 208 184 32 16 12 1
slab 224 184 32 16 12 1
slab 240 184 32 16 12 1
slab 256 184 32 16 12 1
slab 272 184 32 16 12 1
slab 288 184 32 16 12 1
slab 304 184 32 16 12 1
slab 320 184 32 16 12 1
slab 336 184 32 16 12 1
slab 352 184 32 16 12 1
slab 368 184 32 16 12 1
slab 384 184 32 4 12 1
slab 0 0 48 16 12 1
slab 16 0 48 16 12 1
slab 32 0 48 16 12 1
slab 48 0 48 16 12 1
slab 64 0 48 16 12 1
slab 80 0 48 16 12 1
slab 96 0 48 16 12 1
slab 112 0 48 16 12 1
slab 128 0 48 16 12 1
slab 144 0 48 16 12 1
slab 160 0 48 16 12 1
slab 176 0 48 16 12 1
slab 192 0 48 16 12 1
slab 208 0 48 16 12 1
slab 224 0 48 16 12 1
slab 240 0 48 16 12 1
slab 256 0 48 16 12 1
slab 272 0 48 16 12 1
slab 288 0 48 16 12 1
slab 304 0 48 16 12 1
slab 320 0 48 16 12 1
slab 336 0 48 16 12 1
slab 352 0 48 16 12 1
slab 368 0 48 16 12 1
slab 384 0 48 4 12 1
slab 0 12 48 8 8 1
slab 16 12 48 16 8 1
slab 32 12 48 16 8 1
slab 48 12 48 16 8 1
slab 64 12 48 16 8 1
slab 80 12 48 16 8 1
slab 96 12 48 16 8 1
slab 112 12 48 16 8 1
slab 128 12 48 16 8 1
slab 144 12 48 16 8 1
slab 160 12 48 16 8 1
slab 176 12 48 16 8 1
slab 192 12 48 16 8 1
slab 208 12 48 16 8 1
slab 224 12 48 16 8 1
slab 240 12 48 16 8 1
slab 256 12 48 16 8 1
slab 272 12 48 16 8 1
slab 288 12 48 16 8 1
slab 304 12 48 16 8 1
slab 320 12 48 16 8 1
slab 336 12 48 16 8 1
slab 352 12 48 16 8 1
slab 368 12 48 4 8 1
slab 380 12 48 8 8 1
slab 0 20 48 16 16 1
slab 16 20 48 16 16 1
slab 32 20 48 16 16 1
slab 48 20 48 16 16 1
slab 64 20 48 16 16 1
slab 80 20 48 16 16 1
slab 96 20 48 16 16 1
slab 112 20 48 16 16 1
slab 128 20 48 16 16 1
slab 144 20 48 16 16 1
slab 160 20 48 16 16 1
slab 176 20 48 16 16 1
slab 192 20 48 16 16 1
slab 208 20 48 16 16 1
slab 224 20 48 16 16 1
slab 240 20 48 16 16 1
slab 256 20 48 16 16 1
slab 272 20 48 16 16 1
slab 288 20 48 16 16 1
slab 304 20 48 16 16 1
slab 320 20 48 16 16 1
slab 336 20 48 16 16 1
slab 352 20 48 16 16 1
slab 368 20 48 16 16 1
slab 384 20 48 4 16 1
slab 0 36 48 16 16 1
slab 16 36 48 16 16 1
slab 32 36 48 16 16 1
slab 48 36 48 16 16 1
slab 64 36 48 16 16 1
slab 80 36 48 16 16 1
slab 96 36 48 16 16 1
slab 112 36 48 16 16 1
slab 128 36 48 16 16 1
slab 144 36 48 16 16 1
slab 160 36 48 16 16 1
slab 176 36 48 16 16 1
slab 192 36 48 16 16 1
slab 208 36 48 16 16 1
slab 224 36 48 16 16 1
slab 240 36 48 16 16 1
slab 256 36 48 16 16 1
slab 272 36 48 16 16 1
slab 288 36 48 16 16 1
slab 304 36 48 16 16 1
slab 320 36 48 16 16 1
slab 336 36 48 16 16 1
slab 352 36 48 16 16 1
slab 368 36 48 16 16 1
slab 384 36 48 4 16 1
slab 64 52 48 16 16 1
slab 80 52 48 16 16 1
slab 96 52 48 16 16 1
slab 112 52 48 16 16 1
slab 128 52 48 16 16 1
slab 144 52 48 16 16 1
slab 160 52 48 16 16 1
slab 176 52 48 16 16 1
slab 192 52 48 16 16 1
slab 208 52 48 16 16 1
slab 224 52 48 16 16 1
slab 240 52 48 16 16 1
slab 256 52 48 16 16 1
slab 272 52 48 16 16 1
slab 288 52 48 16 16 1
slab 304 52 48 16 16 1
slab 320 52 48 16 16 1
slab 336 52 48 16 16 1
slab 352 52 48 16 16 1
slab 368 52 48 16 16 1
slab 384 52 48 4 16 1
slab 64 68 48 16 4 1
slab 80 68 48 16 4 1
slab 96 68 48 16 4 1
slab 112 68 48 16 4 1
slab 128 68 48 16 4 1
slab 144 68 48 16 4 1
slab 160 68 48 16 4 1
slab 176 68 48 16 4 1
slab 192 68 48 16 4 1
slab 208 68 48 16 4 1
slab 224 68 48 16 4 1
slab 240 68 48 16 4 1
slab 256 68 48 16 4 1
slab 272 68 48 16 4 1
slab 288 68 48 16 4 1
slab 304 68 48 16 4 1
slab 320 68 48 16 4 1
slab 336 68 48 16 4 1
slab 352 68 48 16 4 1
slab 368 68 48 16 4 1
slab 384 68 48 4 4 1
slab 0 52 48 16 16 1
slab 16 52 48 12 16 1
slab 0 68 48 16 16 1
slab 16 68 48 12 16 1
slab 0 84 48 16 4 1
slab 16 84 48 12 4 1
slab 200 72 48 16 16 1
slab 216 72 48 16 16 1
slab 232 72 48 16 16 1
slab 248 72 48 16 16 1
slab 264 72 48 16 16 1
slab 280 72 48 16 16 1
slab 296 72 48 16 16 1
slab 312 72 48 16 16 1
slab 328 72 48 16 16 1
slab 344 72 48 16 16 1
slab 360 72 48 16 16 1
slab 376 72 48 12 16 1
slab 64 72 48 16 16 1
slab 80 72 48 16 16 1
slab 96 72 48 16 16 1
slab 112 72 48 16 16 1
slab 128 72 48 16 16 1
slab 144 72 48 16 16 1
slab 160 72 48 16 16 1
slab 176 72 48 12 16 1
slab 0 88 48 16 16 1
slab 16 88 48 16 16 1
slab 32 88 48 16 16 1
slab 48 88 48 16 16 1
slab 64 88 48 16 16 1
slab 80 88 48 16 16 1
slab 96 88 48 16 16 1
slab 112 88 48 16 16 1
slab 128 88 48 16 16 1
slab 144 88 48 16 16 1
slab 160 88 48 16 16 1
slab 176 88 48 16 16 1
slab 192 88 48 16 16 1
slab 208 88 48 16 16 1
slab 224 88 48 16 16 1
slab 240 88 48 16 16 1
slab 256 88 48 16 16 1
slab 272 88 48 16 16 1
slab 288 88 48 16 16 1
slab 304 88 48 16 16 1
slab 320 88 48 16 16 1
slab 336 88 48 16 16 1
slab 352 88 48 16 16 1
slab 368 88 48 16 16 1
slab 384 88 48 4 16 1
slab 0 104 48 16 4 1
slab 16 104 48 16 4 1
slab 32 104 48 16 4 1
slab 48 104 48 16 4 1
slab 64 104 48 16 4 1
slab 80 104 48 16 4 1
slab 96 104 48 16 4 1
slab 112 104 48 16 4 1
slab 128 104 48 16 4 1
slab 144 104 48 16 4 1
slab 160 104 48 16 4 1
slab 176 104 48 16 4 1
slab 192 104 48 16 4 1
slab 208 104 48 16 4 1
slab 224 104 48 16 4 1
slab 240 104 48 16 4 1
slab 256 104 48 16 4 1
slab 272 104 48 16 4 1
slab 288 104 48 16 4 1
slab 304 104 48 16 4 1
slab 320 104 48 16 4 1
slab 336 104 48 16 4 1
slab 352 104 48 16 4 1
slab 368 104 48 16 4 1
slab 384 104 48 4 4 1
slab 360 108 48 16 16 1
slab 376 108 48 12 16 1
slab 360 124 48 16 16 1
slab 376 124 48 12 16 1
slab 360 140 48 16 4 1
slab 376 140 48 12 4 1
slab 0 108 48 16 16 1
slab 16 108 48 16 16 1
slab 32 108 48 16 16 1
slab 48 108 48 16 16 1
slab 64 108 48 16 16 1
slab 80 108 48 16 16 1
slab 96 108 48 16 16 1
slab 112 108 48 16 16 1
slab 128 108 48 16 16 1
slab 144 108 48 16 16 1
slab 160 108 48 16 16 1
slab 176 108 48 16 16 1
slab 192 108 48 16 16 1
slab 208 108 48 16 16 1
slab 224 108 48 16 16 1
slab 240 108 48 16 16 1
slab 256 108 48 16 16 1
slab 272 108 48 16 16 1
slab 288 108 48 16 16 1
slab 304 108 48 16 16 1
slab 320 108 48 4 16 1
slab 0 124 48 16 16 1
slab 16 124 48 16 16 1
slab 32 124 48 16 16 1
slab 48 124 48 16 16 1
slab 64 124 48 16 16 1
slab 80 124 48 16 16 1
slab 96 124 48 16 16 1
slab 112 124 48 16 16 1
slab 128 124 48 16 16 1
slab 144 124 48 16 16 1
slab 160 124 48 16 16 1
slab 176 124 48 16 16 1
slab 192 124 48 16 16 1
slab 208 124 48 16 16 1
slab 224 124 48 16 16 1
slab 240 124 48 16 16 1
slab 256 124 48 16 16 1
slab 272 124 48 16 16 1
slab 288 124 48 16 16 1
slab 304 124 48 16 16 1
slab 320 124 48 4 16 1
slab 0 140 48 16 4 1
slab 16 140 48 16 4 1
slab 32 140 48 16 4 1
slab 48 140 48 16 4 1
slab 64 140 48 16 4 1
slab 80 140 48 16 4 1
slab 96 140 48 16 4 1
slab 112 140 48 16 4 1
slab 128 140 48 16 4 1
slab 144 140 48 16 4 1
slab 160 140 48 16 4 1
slab 176 140 48 16 4 1
slab 192 140 48 16 4 1
slab 208 140 48 16 4 1
slab 224 140 48 16 4 1
slab 240 140 48 16 4 1
slab 256 140 48 16 4 1
slab 272 140 48 16 4 1
slab 288 140 48 16 4 1
slab 304 140 48 16 4 1
slab 320 140 48 4 4 1
slab 0 144 48 16 16 1
slab 16 144 48 16 16 1
slab 32 144 48 16 16 1
slab 48 144 48 16 16 1
slab 64 144 48 16 16 1
slab 80 144 48 16 16 1
slab 96 144 48 16 16 1
slab 112 144 48 16 16 1
slab 128 144 48 16 16 1
slab 144 144 48 16 16 1
slab 160 144 48 16 16 1
slab 176 144 48 16 16 1
slab 192 144 48 16 16 1
slab 208 144 48 16 16 1
slab 224 144 48 16 16 1
slab 240 144 48 16 16 1
slab 256 144 48 16 16 1
slab 272 144 48 16 16 1
slab 288 144 48 16 16 1
slab 304 144 48 16 16 1
slab 320 144 48 16 16 1
slab 336 144 48 16 16 1
slab 352 144 48 16 16 1
slab 368 144 48 16 16 1
slab 384 144 48 4 16 1
slab 0 160 48 16 16 1
slab 16 160 48 16 16 1
slab 32 160 48 16 16 1
slab 48 160 48 16 16 1
slab 64 160 48 16 16 1
slab 80 160 48 16 16 1
slab 96 160 48 16 16 1
slab 112 160 48 16 16 1
slab 128 160 48 16 16 1
slab 144 160 48 16 16 1
slab 160 160 48 16 16 1
slab 176 160 48 16 16 1
slab 192 160 48 16 16 1
slab 208 160 48 16 16 1
slab 224 160 48 16 16 1
slab 240 160 48 16 16 1
slab 256 160 48 16 16 1
slab 272 160 48 16 16 1
slab 288 160 48 16 16 1
slab 304 160 48 16 16 1
slab 320 160 48 16 16 1
slab 336 160 48 16 16 1
slab 352 160 48 16 16 1
slab 368 160 48 16 16 1
slab 384 160 48 4 16 1
slab 0 176 48 8 8 1
slab 16 176 48 16 8 1
slab 32 176 48 16 8 1
slab 48 176 48 16 8 1
slab 64 176 48 16 8 1
slab 80 176 48 16 8 1
slab 96 176 48 16 8 1
slab 112 176 48 16 8 1
slab 128 176 48 16 8 1
slab 144 176 48 16 8 1
slab 160 176 48 16 8 1
slab 176 176 48 16 8 1
slab 192 176 48 16 8 1
slab 208 176 48 16 8 1
slab 224 176 48 16 8 1
slab 240 176 48 16 8 1
slab 256 176 48 16 8 1
slab 272 176 48 16 8 1
slab 288 176 48 16 8 1
slab 304 176 48 16 8 1
slab 320 176 48 16 8 1
slab 336 176 48 16 8 1
slab 352 176 48 16 8 1
slab 368 176 48 4 8 1
slab 380 176 48 8 8 1
slab 0 184 48 16 12 1
slab 16 184 48 16 12 1
slab 32 184 48 16 12 1
slab 48 184 48 16 12 1
slab 64 184 48 16 12 1
slab 80 184 48 16 12 1
slab 96 184 48 16 12 1
slab 112 184 48 16 12 1
slab 128 184 48 16 12 1
slab 144 184 48 16 12 1
slab 160 184 48 16 12 1
slab 176 184 48 16 12 1
slab 192 184 48 16 12 1
slab 208 184 48 16 12 1
slab 224 184 48 16 12 1
slab 240 184 48 16 12 1
slab 256 184 48 16 12 1
slab 272 184 48 16 12 1
slab 288 184 48 16 12 1
slab 304 184 48 16 12 1
slab 320 184 48 16 12 1
slab 336 184 48 16 12 1
slab 352 184 48 16 12 1
slab 368 184 48 16 12 1
slab 384 184 48 4 12 1
slab 0 0 64 16 12 1
slab 16 0 64 16 12 1
slab 32 0 64 16 12 1
slab 48 0 64 16 12 1
slab 64 0 64 16 12 1
slab 80 0 64 16 12 1
slab 96 0 64 16 12 1
slab 112 0 64 16 12 1
slab 128 0 64 16 12 1
slab 144 0 64 16 12 1
slab 160 0 64 16 12 1
slab 176 0 64 16 12 1
slab 192 0 64 16 12 1
slab 208 0 64 16 12 1
slab 224 0 64 16 12 1
slab 240 0 64 16 12 1
slab 256 0 64 16 12 1
slab 272 0 64 16 12 1
slab 288 0 64 16 12 1
slab 304 0 64 16 12 1
slab 320 0 64 16 12 1
slab 336 0 64 16 12 1
slab 352 0 64 16 12 1
slab 368 0 64 16 12 1
slab 384 0 64 4 12 1
slab 0 12 64 8 8 1
slab 16 12 64 16 8 1
slab 32 12 64 16 8 1
slab 48 12 64 16 8 1
slab 64 12 64 16 8 1
slab 80 12 64 16 8 1
slab 96 12 64 16 8 1
slab 112 12 64 16 8 1
slab 128 12 64 16 8 1
slab 144 12 64 16 8 1
slab 160 12 64 16 8 1
slab 176 12 64 16 8 1
slab 192 12 64 16 8 1
slab 208 12 64 16 8 1
slab 224 12 64 16 8 1
slab 240 12 64 16 8 1
slab 256 12 64 16 8 1
slab 272 12 64 16 8 1
slab 288 12 64 16 8 1
slab 304 12 64 16 8 1
slab 320 12 64 16 8 1
slab 336 12 64 16 8 1
slab 352 12 64 16 8 1
slab 368 12 64 4 8 1
slab 380 12 64 8 8 1
slab 0 20 64 16 16 1
slab 16 20 64 16 16 1
slab 32 20 64 16 16 1
slab 48 20 64 16 16 1
slab 64 20 64 16 16 1
slab 80 20 64 16 16 1
slab 96 20 64 16 16 1
slab 112 20 64 16 16 1
slab 128 20 64 16 16 1
slab 144 20 64 16 16 1
slab 160 20 64 16 16 1
slab 176 20 64 16 16 1
slab 192 20 64 16 16 1
slab 208 20 64 16 16 1
slab 224 20 64 16 16 1
slab 240 20 64 16 16 1
slab 256 20 64 16 16 1
slab 272 20 64 16 16 1
slab 288 20 64 16 16 1
slab 304 20 64 16 16 1
slab 320 20 64 16 16 1
slab 336 20 64 16 16 1
slab 352 20 64 16 16 1
slab 368 20 64 16 16 1
slab 384 20 64 4 16 1
slab 0 36 64 16 16 1
slab 16 36 64 16 16 1
slab 32 36 64 16 16 1
slab 48 36 64 16 16 1
slab 64 36 64 16 16 1
slab 80 36 64 16 16 1
slab 96 36 64 16 16 1
slab 112 36 64 16 16 1
slab 128 36 64 16 16 1
slab 144 36 64 16 16 1
slab 160 36 64 16 16 1
slab 176 36 64 16 16 1
slab 192 36 64 16 16 1
slab 208 36 64 16 16 1
slab 224 36 64 16 16 1
slab 240 36 64 16 16 1
slab 256 36 64 16 16 1
slab 272 36 64 16 16 1
slab 288 36 64 16 16 1
slab 304 36 64 16 16 1
slab 320 36 64 16 16 1
slab 336 36 64 16 16 1
slab 352 36 64 16 16 1
slab 368 36 64 16 16 1
slab 384 36 64 4 16 1
slab 64 52 64 16 16 1
slab 80 52 64 16 16 1
slab 96 52 64 16 16 1
slab 112 52 64 16 16 1
slab 128 52 64 16 16 1
slab 144 52 64 16 16 1
slab 160 52 64 16 16 1
slab 176 52 64 16 16 1
slab 192 52 64 16 16 1
slab 208 52 64 16 16 1
slab 224 52 64 16 16 1
slab 240 52 64 16 16 1
slab 256 52 64 16 16 1
slab 272 52 64 16 16 1
slab 288 52 64 16 16 1
slab 304 52 64 16 16 1
slab 320 52 64 16 16 1
slab 336 52 64 16 16 1
slab 352 52 64 16 16 1
slab 368 52 64 16 16 1
slab 384 52 64 4 16 1
slab 64 68 64 16 4 1
slab 80 68 64 16 4 1
slab 96 68 64 16 4 1
slab 112 68 64 16 4 1
slab 128 68 64 16 4 1
slab 144 68 64 16 4 1
slab 160 68 64 16 4 1
slab 176 68 64 16 4 1
slab 192 68 64 16 4 1
slab 208 68 64 16 4 1
slab 224 68 64 16 4 1
slab 240 68 64 16 4 1
slab 256 68 64 16 4 1
slab 272 68 64 16 4 1
slab 288 68 64 16 4 1
slab 304 68 64 16 4 1
slab 320 68 64 16 4 1
slab 336 68 64 16 4 1
slab 352 68 64 16 4 1
slab 368 68 64 16 4 1
slab 384 68 64 4 4 1
slab 0 52 64 16 16 1
slab 16 52 64 12 16 1
slab 0 68 64 16 16 1
slab 16 68 64 12 16 1
slab 0 84 64 16 4 1
slab 16 84 64 12 4 1
slab 200 72 64 16 16 1
slab 216 72 64 16 16 1
slab 232 72 64 16 16 1
slab 248 72 64 16 16 1
slab 264 72 64 16 16 1
slab 280 72 64 16 16 1
slab 296 72 64 16 16 1
slab 312 72 64 16 16 1
slab 328 72 64 16 16 1
slab 344 72 64 16 16 1
slab 360 72 64 16 16 1
slab 376 72 64 12 16 1
slab 64 72 64 16 16 1
slab 80 72 64 16 16 1
slab 96 72 64 16 16 1
slab 112 72 64 16 16 1
slab 128 72 64 16 16 1
slab 144 72 64 16 16 1
slab 160 72 64 16 16 1
slab 176 72 64 12 16 1
slab 0 88 64 16 16 1
slab 16 88 64 16 16 1
slab 32 88 64 16 16 1
slab 48 88 64 16 16 1
slab 64 88 64 16 16 1
slab 80 88 64 16 16 1
slab 96 88 64 16 16 1
slab 112 88 64 16 16 1
slab 128 88 64 16 16 1
slab 144 88 64 16 16 1
slab 160 88 64 16 16 1
slab 176 88 64 16 16 1
slab 192 88 64 16 16 1
slab 208 88 64 16 16 1
slab 224 88 64 16 16 1
slab 240 88 64 16 16 1
slab 256 88 64 16 16 1
slab 272 88 64 16 16 1
slab 288 88 64 16 16 1
slab 304 88 64 16 16 1
slab 320 88 64 16 16 1
slab 336 88 64 16 16 1
slab 352 88 64 16 16 1
slab 368 88 64 16 16 1
slab 384 88 64 4 16 1
slab 0 104 64 16 4 1
slab 16 104 64 16 4 1
slab 32 104 64 16 4 1
slab 48 104 64 16 4 1
slab 64 104 64 16 4 1
slab 80 104 64 16 4 1
slab 96 104 64 16 4 1
slab 112 104 64 16 4 1
slab 128 104 64 16 4 1
slab 144 104 64 16 4 1
slab 160 104 64 16 4 1
slab 176 104 64 16 4 1
slab 192 104 64 16 4 1
slab 208 104 64 16 4 1
slab 224 104 64 16 4 1
slab 240 104 64 16 4 1
slab 256 104 64 16 4 1
slab 272 104 64 16 4 1
slab 288 104 64 16 4 1
slab 304 104 64 16 4 1
slab 320 104 64 16 4 1
slab 336 104 64 16 4 1
slab 352 104 64 16 4 1
slab 368 104 64 16 4 1
slab 384 104 64 4 4 1
slab 360 108 64 16 16 1
slab 376 108 64 12 16 1
slab 360 124 64 16 16 1
slab 376 124 64 12 16 1
slab 360 140 64 16 4 1
slab 376 140 64 12 4 1
slab 0 108 64 16 16 1
slab 16 108 64 16 16 1
slab 32 108 64 16 16 1
slab 48 108 64 16 16 1
slab 64 108 64 16 16 1
slab 80 108 64 16 16 1
slab 96 108 64 16 16 1
slab 112 108 64 16 16 1
slab 128 108 64 16 16 1
slab 144 108 64 16 16 1
slab 160 108 64 16 16 1
slab 176 108 64 16 16 1
slab 192 108 64 16 16 1
slab 208 108 64 16 16 1
slab 224 108 64 16 16 1
slab 240 108 64 16 16 1
slab 256 108 64 16 16 1
slab 272 108 64 16 16 1
slab 288 108 64 16 16 1
slab 304 108 64 16 16 1
slab 320 108 64 4 16 1
slab 0 124 64 16 16 1
slab 16 124 64 16 16 1
slab 32 124 64 16 16 1
slab 48 124 64 16 16 1
slab 64 124 64 16 16 1
slab 80 124 64 16 16 1
slab 96 124 64 16 16 1
slab 112 124 64 16 16 1
slab 128 124 64 16 16 1
slab 144 124 64 16 16 1
slab 160 124 64 16 16 1
slab 176 124 64 16 16 1
slab 192 124 64 16 16 1
slab 208 124 64 16 16 1
slab 224 124 64 16 16 1
slab 240 124 64 16 16 1
slab 256 124 64 16 16 1
slab 272 124 64 16 16 1
slab 288 124 64 16 16 1
slab 304 124 64 16 16 1
slab 320 124 64 4 16 1
slab 0 140 64 16 4 1
slab 16 140 64 16 4 1
slab 32 140 64 16 4 1
slab 48 140 64 16 4 1
slab 64 140 64 16 4 1
slab 80 140 64 16 4 1
slab 96 140 64 16 4 1
slab 112 140 64 16 4 1
slab 128 140 64 16 4 1
slab 144 140 64 16 4 1
slab 160 140 64 16 4 1
slab 176 140 64 16 4 1
slab 192 140 64 16 4 1
slab 208 140 64 16 4 1
slab 224 140 64 16 4 1
slab 240 140 64 16 4 1
slab 256 140 64 16 4 1
slab 272 140 64 16 4 1
slab 288 140 64 16 4 1
slab 304 140 64 16 4 1
slab 320 140 64 4 4 1
slab 0 144 64 16 16 1
slab 16 144 64 16 16 1
slab 32 144 64 16 16 1
slab 48 144 64 16 16 1
slab 64 144 64 16 16 1
slab 80 144 64 16 16 1
slab 96 144 64 16 16 1
slab 112 144 64 16 16 1
slab 128 144 64 16 16 1
slab 144 144 64 16 16 1
slab 160 144 64 16 16 1
slab 176 144 64 16 16 1
slab 192 144 64 16 16 1
slab 208 144 64 16 16 1
slab 224 144 64 16 16 1
slab 240 144 64 16 16 1
slab 256 144 64 16 16 1
slab 272 144 64 16 16 1
slab 288 144 64 16 16 1
slab 304 144 64 16 16 1
slab 320 144 64 16 16 1
slab 336 144 64 16 16 1
slab 352 144 64 16 16 1
slab 368 144 64 16 16 1
slab 384 144 64 4 16 1
slab 0 160 64 16 16 1
slab 16 160 64 16 16 1
slab 32 160 64 16 16 1
slab 48 160 64 16 16 1
slab 64 160 64 16 16 1
slab 80 160 64 16 16 1
slab 96 160 64 16 16 1
slab 112 160 64 16 16 1
slab 128 160 64 16 16 1
slab 144 160 64 16 16 1
slab 160 160 64 16 16 1
slab 176 160 64 16 16 1
slab 192 160 64 16 16 1
slab 208 160 64 16 16 1
slab 224 160 64 16 16 1
slab 240 160 64 16 16 1
slab 256 160 64 16 16 1
slab 272 160 64 16 16 1
slab 288 160 64 16 16 1
slab 304 160 64 16 16 1
slab 320 160 64 16 16 1
slab 336 160 64 16 16 1
slab 352 160 64 16 16 1
slab 368 160 64 16 16 1
slab 384 160 64 4 16 1
slab 0 176 64 8 8 1
slab 16 176 64 16 8 1
slab 32 176 64 16 8 1
slab 48 176 64 16 8 1
slab 64 176 64 16 8 1
slab 80 176 64 16 8 1
slab 96 176 64 16 8 1
slab 112 176 64 16 8 1
slab 128 176 64 16 8 1
slab 144 176 64 16 8 1
slab 160 176 64 16 8 1
slab 176 176 64 16 8 1
slab 192 176 64 16 8 1
slab 208 176 64 16 8 1
slab 224 176 64 16 8 1
slab 240 176 64 16 8 1
slab 256 176 64 16 8 1
slab 272 176 64 16 8 1
slab 288 176 64 16 8 1
slab 304 176 64 16 8 1
slab 320 176 64 16 8 1
slab 336 176 64 16 8 1
slab 352 176 64 16 8 1
slab 368 176 64 4 8 1
slab 380 176 64 8 8 1
slab 0 184 64 16 12 1
slab 16 184 64 16 12 1
slab 32 184 64 16 12 1
slab 48 184 64 16 12 1
slab 64 184 64 16 12 1
slab 80 184 64 16 12 1
slab 96 184 64 16 12 1
slab 112 184 64 16 12 1
slab 128 184 64 16 12 1
slab 144 184 64 16 12 1
slab 160 184 64 16 12 1
slab 176 184 64 16 12 1
slab 192 184 64 16 12 1
slab 208 184 64 16 12 1
slab 224 184 64 16 12 1
slab 240 184 64 16 12 1
slab 256 184 64 16 12 1
slab 272 184 64 16 12 1
slab 288 184 64 16 12 1
slab 304 184 64 16 12 1
slab 320 184 64 16 12 1
slab 336 184 64 16 12 1
slab 352 184 64 16 12 1
slab 368 184 64 16 12 1
slab 384 184 64 4 12 1
slab 0 0 80 16 12 1
slab 16 0 80 16 12 1
slab 32 0 80 16 12 1
slab 48 0 80 16 12 1
slab 64 0 80 16 12 1
slab 80 0 80 16 12 1
slab 96 0 80 16 12 1
slab 112 0 80 16 12 1
slab 128 0 80 16 12 1
slab 144 0 80 16 12 1
slab 160 0 80 16 12 1
slab 176 0 80 16 12 1
slab 192 0 80 16 12 1
slab 208 0 80 16 12 1
slab 224 0 80 16 12 1
slab 240 0 80 16 12 1
slab 256 0 80 16 12 1
slab 272 0 80 16 12 1
slab 288 0 80 16 12 1
slab 304 0 80 16 12 1
slab 320 0 80 16 12 1
slab 336 0 80 16 12 1
slab 352 0 80 16 12 1
slab 368 0 80 16 12 1
slab 384 0 80 4 12 1
slab 0 12 80 8 8 1
slab 16 12 80 16 8 1
slab 32 12 80 16 8 1
slab 48 12 80 16 8 1
slab 64 12 80 16 8 1
slab 80 12 80 16 8 1
slab 96 12 80 16 8 1
slab 112 12 80 16 8 1
slab 128 12 80 16 8 1
slab 144 12 80 16 8 1
slab 160 12 80 16 8 1
slab 176 12 80 16 8 1
slab 192 12 80 16 8 1
slab 208 12 80 16 8 1
slab 224 12 80 16 8 1
slab 240 12 80 16 8 1
slab 256 12 80 16 8 1
slab 272 12 80 16 8 1
slab 288 12 80 16 8 1
slab 304 12 80 16 8 1
slab 320 12 80 16 8 1
slab 336 12 80 16 8 1
slab 352 12 80 16 8 1
slab 368 12 80 4 8 1
slab 380 12 80 8 8 1
slab 0 20 80 16 16 1
slab 16 20 80 16 16 1
slab 32 20 80 16 16 1
slab 48 20 80 16 16 1
slab 64 20 80 16 16 1
slab 80 20 80 16 16 1
slab 96 20 80 16 16 1
slab 112 20 80 16 16 1
slab 128 20 80 16 16 1
slab 144 20 80 16 16 1
slab 160 20 80 16 16 1
slab 176 20 80 16 16 1
slab 192 20 80 16 16 1
slab 208 20 80 16 16 1
slab 224 20 80 16 16 1
slab 240 20 80 16 16 1
slab 256 20 80 16 16 1
slab 272 20 80 16 16 1
slab 288 20 80 16 16 1
slab 304 20 80 16 16 1
slab 320 20 80 16 16 1
slab 336 20 80 16 16 1
slab 352 20 80 16 16 1
slab 368 20 80 16 16 1
slab 384 20 80 4 16 1
slab 0 36 80 16 16 1
slab 16 36 80 16 16 1
slab 32 36 80 16 16 1
slab 48 36 80 16 16 1
slab 64 36 80 16 16 1
slab 80 36 80 16 16 1
slab 96 36 80 16 16 1
slab 112 36 80 16 16 1
slab 128 36 80 16 16 1
slab 144 36 80 16 16 1
slab 160 36 80 16 16 1
slab 176 36 80 16 16 1
slab 192 36 80 16 16 1
slab 208 36 80 16 16 1
slab 224 36 80 16 16 1
slab 240 36 80 16 16 1
slab 256 36 80 16 16 1
slab 272 36 80 16 16 1
slab 288 36 80 16 16 1
slab 304 36 80 16 16 1
slab 320 36 80 16 16 1
slab 336 36 80 16 16 1
slab 352 36 80 16 16 1
slab 368 36 80 16 16 1
slab 384 36 80 4 16 1
slab 64 52 80 16 16 1
slab 80 52 80 16 16 1
slab 96 52 80 16 16 1
slab 112 52 80 16 16 1
slab 128 52 80 16 16 1
slab 144 52 80 16 16 1
slab 160 52 80 16 16 1
slab 176 52 80 16 16 1
slab 192 52 80 16 16 1
slab 208 52 80 16 16 1
slab 224 52 80 16 16 1
slab 240 52 80 16 16 1
slab 256 52 80 16 16 1
slab 272 52 80 16 16 1
slab 288 52 80 16 16 1
slab 304 52 80 16 16 1
slab 320 52 80 16 16 1
slab 336 52 80 16 16 1
slab 352 52 80 16 16 1
slab 368 52 80 16 16 1
slab 384 52 80 4 16 1
slab 64 68 80 16 4 1
slab 80 68 80 16 4 1
slab 96 68 80 16 4 1
slab 112 68 80 16 4 1
slab 128 68 80 16 4 1
slab 144 68 80 16 4 1
slab 160 68 80 16 4 1
slab 176 68 80 16 4 1
slab 192 68 80 16 4 1
slab 208 68 80 16 4 1
slab 224 68 80 16 4 1
slab 240 68 80 16 4 1
slab 256 68 80 16 4 1
slab 272 68 80 16 4 1
slab 288 68 80 16 4 1
slab 304 68 80 16 4 1
slab 320 68 80 16 4 1
slab 336 68 80 16 4 1
slab 352 68 80 16 4 1
slab 368 68 80 16 4 1
slab 384 68 80 4 4 1
slab 0 52 80 16 16 1
slab 16 52 80 12 16 1
slab 0 68 80 16 16 1
slab 16 68 80 12 16 1
slab 0 84 80 16 4 1
slab 16 84 80 12 4 1
slab 200 72 80 16 16 1
slab 216 72 80 16 16 1
slab 232 72 80 16 16 1
slab 248 72 80 16 16 1
slab 264 72 80 16 16 1
slab 280 72 80 16 16 1
slab 296 72 80 16 16 1
slab 312 72 80 16 16 1
slab 328 72 80 16 16 1
slab 344 72 80 16 16 1
slab 360 72 80 16 16 1
slab 376 72 80 12 16 1
slab 64 72 80 16 16 1
slab 80 72 80 16 16 1
slab 96 72 80 16 16 1
slab 112 72 80 16 16 1
slab 128 72 80 16 16 1
slab 144 72 80 16 16 1
slab 160 72 80 16 16 1
slab 176 72 80 12 16 1
slab 0 88 80 16 16 1
slab 16 88 80 16 16 1
slab 32 88 80 16 16 1
slab 48 88 80 16 16 1
slab 64 88 80 16 16 1
slab 80 88 80 16 16 1
slab 96 88 80 16 16 1
slab 112 88 80 16 16 1
slab 128 88 80 16 16 1
slab 144 88 80 16 16 1
slab 160 88 80 16 16 1
slab 176 88 80 16 16 1
slab 192 88 80 16 16 1
slab 208 88 80 16 16 1
slab 224 88 80 16 16 1
slab 240 88 80 16 16 1
slab 256 88 80 16 16 1
slab 272 88 80 16 16 1
slab 288 88 80 16 16 1
slab 304 88 80 16 16 1
slab 320 88 80 16 16 1
slab 336 88 80 16 16 1
slab 352 88 80 16 16 1
slab 368 88 80 16 16 1
slab 384 88 80 4 16 1
slab 0 104 80 16 4 1
slab 16 104 80 16 4 1
slab 32 104 80 16 4 1
slab 48 104 80 16 4 1
slab 64 104 80 16 4 1
slab 80 104 80 16 4 1
slab 96 104 80 16 4 1
slab 112 104 80 16 4 1
slab 128 104 80 16 4 1
slab 144 104 80 16 4 1
slab 160 104 80 16 4 1
slab 176 104 80 16 4 1
slab 192 104 80 16 4 1
slab 208 104 80 16 4 1
slab 224 104 80 16 4 1
slab 240 104 80 16 4 1
slab 256 104 80 16 4 1
slab 272 104 80 16 4 1
slab 288 104 80 16 4 1
slab 304 104 80 16 4 1
slab 320 104 80 16 4 1
slab 336 104 80 16 4 1
slab 352 104 80 16 4 1
slab 368 104 80 16 4 1
slab 384 104 80 4 4 1
slab 360 108 80 16 16 1
slab 376 108 80 12 16 1
slab 360 124 80 16 16 1
slab 376 124 80 12 16 1
slab 360 140 80 16 4 1
slab 376 140 80 12 4 1
slab 0 108 80 16 16 1
slab 16 108 80 16 16 1
slab 32 108 80 16 16 1
slab 48 108 80 16 16 1
slab 64 108 80 16 16 1
slab 80 108 80 16 16 1
slab 96 108 80 16 16 1
slab 112 108 80 16 16 1
slab 128 108 80 16 16 1
slab 144 108 80 16 16 1
slab 160 108 80 16 16 1
slab 176 108 80 16 16 1
slab 192 108 80 16 16 1
slab 208 108 80 16 16 1
slab 224 108 80 16 16 1
slab 240 108 80 16 16 1
slab 256 108 80 16 16 1
slab 272 108 80 16 16 1
slab 288 108 80 16 16 1
slab 304 108 80 16 16 1
slab 320 108 80 4 16 1
slab 0 124 80 16 16 1
slab 16 124 80 16 16 1
slab 32 124 80 16 16 1
slab 48 124 80 16 16 1
slab 64 124 80 16 16 1
slab 80 124 80 16 16 1
slab 96 124 80 16 16 1
slab 112 124 80 16 16 1
slab 128 124 80 16 16 1
slab 144 124 80 16 16 1
slab 160 124 80 16 16 1
slab 176 124 80 16 16 1
slab 192 124 80 16 16 1
slab 208 124 80 16 16 1
slab 224 124 80 16 16 1
slab 240 124 80 16 16 1
slab 256 124 80 16 16 1
slab 272 124 80 16 16 1
slab 288 124 80 16 16 1
slab 304 124 80 16 16 1
slab 320 124 80 4 16 1
slab 0 140 80 16 4 1
slab 16 140 80 16 4 1
slab 32 140 80 16 4 1
slab 48 140 80 16 4 1
slab 64 140 80 16 4 1
slab 80 140 80 16 4 1
slab 96 140 80 16 4 1
slab 112 140 80 16 4 1
slab 128 140 80 16 4 1
slab 144 140 80 16 4 1
slab 160 140 80 16 4 1
slab 176 140 80 16 4 1
slab 192 140 80 16 4 1
slab 208 140 80 16 4 1
slab 224 140 80 16 4 1
slab 240 140 80 16 4 1
slab 256 140 80 16 4 1
slab 272 140 80 16 4 1
slab 288 140 80 16 4 1
slab 304 140 80 16 4 1
slab 320 140 80 4 4 1
slab 0 144 80 16 16 1
slab 16 144 80 16 16 1
slab 32 144 80 16 16 1
slab 48 144 80 16 16 1
slab 64 144 80 16 16 1
slab 80 144 80 16 16 1
slab 96 144 80 16 16 1
slab 112 144 80 16 16 1
slab 128 144 80 16 16 1
slab 144 144 80 16 16 1
slab 160 144 80 16 16 1
slab 176 144 80 16 16 1
slab 192 144 80 16 16 1
slab 208 144 80 16 16 1
slab 224 144 80 16 16 1
slab 240 144 80 16 16 1
slab 256 144 80 16 16 1
slab 272 144 80 16 16 1
slab 288 144 80 16 16 1
slab 304 144 80 16 16 1
slab 320 144 80 16 16 1
slab 336 144 80 16 16 1
slab 352 144 80 16 16 1
slab 368 144 80 16 16 1
slab 384 144 80 4 16 1
slab 0 160 80 16 16 1
slab 16 160 80 16 16 1
slab 32 160 80 16 16 1
slab 48 160 80 16 16 1
slab 64 160 80 16 16 1
slab 80 160 80 16 16 1
slab 96 160 80 16 16 1
slab 112 160 80 16 16 1
slab 128 160 80 16 16 1
slab 144 160 80 16 16 1
slab 160 160 80 16 16 1
slab 176 160 80 16 16 1
slab 192 160 80 16 16 1
slab 208 160 80 16 16 1
slab 224 160 80 16 16 1
slab 240 160 80 16 16 1
slab 256 160 80 16 16 1
slab 272 160 80 16 16 1
slab 288 160 80 16 16 1
slab 304 160 80 16 16 1
slab 320 160 80 16 16 1
slab 336 160 80 16 16 1
slab 352 160 80 16 16 1
slab 368 160 80 16 16 1
slab 384 160 80 4 16 1
slab 0 176 80 8 8 1
slab 16 176 80 16 8 1
slab 32 176 80 16 8 1
slab 48 176 80 16 8 1
slab 64 176 80 16 8 1
slab 80 176 80 16 8 1
slab 96 176 80 16 8 1
slab 112 176 80 16 8 1
slab 128 176 80 16 8 1
slab 144 176 80 16 8 1
slab 160 176 80 16 8 1
slab 176 176 80 16 8 1
slab 192 176 80 16 8 1
slab 208 176 80 16 8 1
slab 224 176 80 16 8 1
slab 240 176 80 16 8 1
slab 256 176 80 16 8 1
slab 272 176 80 16 8 1
slab 288 176 80 16 8 1
slab 304 176 80 16 8 1
slab 320 176 80 16 8 1
slab 336 176 80 16 8 1
slab 352 176 80 16 8 1
slab 368 176 80 4 8 1
slab 380 176 80 8 8 1
slab 0 184 80 16 12 1
slab 16 184 80 16 12 1
slab 32 184 80 16 12 1
slab 48 184 80 16 12 1
slab 64 184 80 16 12 1
slab 80 184 80 16 12 1
slab 96 184 80 16 12 1
slab 112 184 80 16 12 1
slab 128 184 80 16 12 1
slab 144 184 80 16 12 1
slab 160 184 80 16 12 1
slab 176 184 80 16 12 1
slab 192 184 80 16 12 1
slab 208 184 80 16 12 1
slab 224 184 80 16 12 1
slab 240 184 80 16 12 1
slab 256 184 80 16 12 1
slab 272 184 80 16 12 1
slab 288 184 80 16 12 1
slab 304 184 80 16 12 1
slab 320 184 80 16 12 1
slab 336 184 80 16 12 1
slab 352 184 80 16 12 1
slab 368 184 80 16 12 1
slab 384 184 80 4 12 1
slab 0 0 96 16 12 1
slab 16 0 96 16 12 1
slab 32 0 96 16 12 1
slab 48 0 96 16 12 1
slab 64 0 96 16 12 1
slab 80 0 96 16 12 1
slab 96 0 96 16 12 1
slab 112 0 96 16 12 1
slab 128 0 96 16 12 1
slab 144 0 96 16 12 1
slab 160 0 96 16 12 1
slab 176 0 96 16 12 1
slab 192 0 96 16 12 1
slab 208 0 96 16 12 1
slab 224 0 96 16 12 1
slab 240 0 96 16 12 1
slab 256 0 96 16 12 1
slab 272 0 96 16 12 1
slab 288 0 96 16 12 1
slab 304 0 96 16 12 1
slab 320 0 96 16 12 1
slab 336 0 96 16 12 1
slab 352 0 96 16 12 1
slab 368 0 96 16 12 1
slab 384 0 96 4 12 1
slab 0 12 96 8 8 1
slab 16 12 96 16 8 1
slab 32 12 96 16 8 1
slab 48 12 96 16 8 1
slab 64 12 96 16 8 1
slab 80 12 96 16 8 1
slab 96 12 96 16 8 1
slab 112 12 96 16 8 1
slab 128 12 96 16 8 1
slab 144 12 96 16 8 1
slab 160 12 96 16 8 1
slab 176 12 96 16 8 1
slab 192 12 96 16 8 1
slab 208 12 96 16 8 1
slab 224 12 96 16 8 1
slab 240 12 96 16 8 1
slab 256 12 96 16 8 1
slab 272 12 96 16 8 1
slab 288 12 96 16 8 1
slab 304 12 96 16 8 1
slab 320 12 96 16 8 1
slab 336 12 96 16 8 1
slab 352 12 96 16 8 1
slab 368 12 96 4 8 1
slab 380 12 96 8 8 1
slab 0 20 96 16 16 1
slab 16 20 96 16 16 1
slab 32 20 96 16 16 1
slab 48 20 96 16 16 1
slab 64 20 96 16 16 1
slab 80 20 96 16 16 1
slab 96 20 96 16 16 1
slab 112 20 96 16 16 1
slab 128 20 96 16 16 1
slab 144 20 96 16 16 1
slab 160 20 96 16 16 1
slab 176 20 96 16 16 1
slab 192 20 96 16 16 1
slab 208 20 96 16 16 1
slab 224 20 96 16 16 1
slab 240 20 96 16 16 1
slab 256 20 96 16 16 1
slab 272 20 96 16 16 1
slab 288 20 96 16 16 1
slab 304 20 96 16 16 1
slab 320 20 96 16 16 1
slab 336 20 96 16 16 1
slab 352 20 96 16 16 1
slab 368 20 96 16 16 1
slab 384 20 96 4 16 1
slab 0 36 96 16 16 1
slab 16 36 96 16 16 1
slab 32 36 96 16 16 1
slab 48 36 96 16 16 1
slab 64 36 96 16 16 1
slab 80 36 96 16 16 1
slab 96 36 96 16 16 1
slab 112 36 96 16 16 1
slab 128 36 96 16 16 1
slab 144 36 96 16 16 1
slab 160 36 96 16 16 1
slab 176 36 96 16 16 1
slab 192 36 96 16 16 1
slab 208 36 96 16 16 1
slab 224 36 96 16 16 1
slab 240 36 96 16 16 1
slab 256 36 96 16 16 1
slab 272 36 96 16 16 1
slab 288 36 96 16 16 1
slab 304 36 96 16 16 1
slab 320 36 96 16 16 1
slab 336 36 96 16 16 1
slab 352 36 96 16 16 1
slab 368 36 96 16 16 1
slab 384 36 96 4 16 1
slab 64 52 96 16 16 1
slab 80 52 96 16 16 1
slab 96 52 96 16 16 1
slab 112 52 96 16 16 1
slab 128 52 96 16 16 1
slab 144 52 96 16 16 1
slab 160 52 96 16 16 1
slab 176 52 96 16 16 1
slab 192 52 96 16 16 1
slab 208 52 96 16 16 1
slab 224 52 96 16 16 1
slab 240 52 96 16 16 1
slab 256 52 96 16 16 1
slab 272 52 96 16 16 1
slab 288 52 96 16 16 1
slab 304 52 96 16 16 1
slab 320 52 96 16 16 1
slab 336 52 96 16 16 1
slab 352 52 96 16 16 1
slab 368 52 96 16 16 1
slab 384 52 96 4 16 1
slab 64 68 96 16 4 1
slab 80 68 96 16 4 1
slab 96 68 96 16 4 1
slab 112 68 96 16 4 1
slab 128 68 96 16 4 1
slab 144 68 96 16 4 1
slab 160 68 96 16 4 1
slab 176 68 96 16 4 1
slab 192 68 96 16 4 1
slab 208 68 96 16 4 1
slab 224 68 96 16 4 1
slab 240 68 96 16 4 1
slab 256 68 96 16 4 1
slab 272 68 96 16 4 1
slab 288 68 96 16 4 1
slab 304 68 96 16 4 1
slab 320 68 96 16 4 1
slab 336 68 96 16 4 1
slab 352 68 96 16 4 1
slab 368 68 96 16 4 1
slab 384 68 96 4 4 1
slab 0 52 96 16 16 1
slab 16 52 96 12 16 1
slab 0 68 96 16 16 1
slab 16 68 96 12 16 1
slab 0 84 96 16 4 1
slab 16 84 96 12 4 1
slab 200 72 96 16 16 1
slab 216 72 96 16 16 1
slab 232 72 96 16 16 1
slab 248 72 96 16 16 1
slab 264 72 96 16 16 1
slab 280 72 96 16 16 1
slab 296 72 96 16 16 1
slab 312 72 96 16 16 1
slab 328 72 96 16 16 1
slab 344 72 96 16 16 1
slab 360 72 96 16 16 1
slab 376 72 96 12 16 1
slab 64 72 96 16 16 1
slab 80 72 96 16 16 1
slab 96 72 96 16 16 1
slab 112 72 96 16 16 1
slab 128 72 96 16 16 1
slab 144 72 96 16 16 1
slab 160 72 96 16 16 1
slab 176 72 96 12 16 1
slab 0 88 96 16 16 1
slab 16 88 96 16 16 1
slab 32 88 96 16 16 1
slab 48 88 96 16 16 1
slab 64 88 96 16 16 1
slab 80 88 96 16 16 1
slab 96 88 96 16 16 1
slab 112 88 96 16 16 1
slab 128 88 96 16 16 1
slab 144 88 96 16 16 1
slab 160 88 96 16 16 1
slab 176 88 96 16 16 1
slab 192 88 96 16 16 1
slab 208 88 96 16 16 1
slab 224 88 96 16 16 1
slab 240 88 96 16 16 1
slab 256 88 96 16 16 1
slab 272 88 96 16 16 1
slab 288 88 96 16 16 1
slab 304 88 96 16 16 1
slab 320 88 96 16 16 1
slab 336 88 96 16 16 1
slab 352 88 96 16 16 1
slab 368 88 96 16 16 1
slab 384 88 96 4 16 1
slab 0 104 96 16 4 1
slab 16 104 96 16 4 1
slab 32 104 96 16 4 1
slab 48 104 96 16 4 1
slab 64 104 96 16 4 1
slab 80 104 96 16 4 1
slab 96 104 96 16 4 1
slab 112 104 96 16 4 1
slab 128 104 96 16 4 1
slab 144 104 96 16 4 1
slab 160 104 96 16 4 1
slab 176 104 96 16 4 1
slab 192 104 96 16 4 1
slab 208 104 96 16 4 1
slab 224 104 96 16 4 1
slab 240 104 96 16 4 1
slab 256 104 96 16 4 1
slab 272 104 96 16 4 1
slab 288 104 96 16 4 1
slab 304 104 96 16 4 1
slab 320 104 96 16 4 1
slab 336 104 96 16 4 1
slab 352 104 96 16 4 1
slab 368 104 96 16 4 1
slab 384 104 96 4 4 1
slab 360 108 96 16 16 1
slab 376 108 96 12 16 1
slab 360 124 96 16 16 1
slab 376 124 96 12 16 1
slab 360 140 96 16 4 1
slab 376 140 96 12 4 1
slab 0 108 96 16 16 1
slab 16 108 96 16 16 1
slab 32 108 96 16 16 1
slab 48 108 96 16 16 1
slab 64 108 96 16 16 1
slab 80 108 96 16 16 1
slab 96 108 96 16 16 1
slab 112 108 96 16 16 1
slab 128 108 96 16 16 1
slab 144 108 96 16 16 1
slab 160 108 96 16 16 1
slab 176 108 96 16 16 1
slab 192 108 96 16 16 1
slab 208 108 96 16 16 1
slab 224 108 96 16 16 1
slab 240 108 96 16 16 1
slab 256 108 96 16 16 1
slab 272 108 96 16 16 1
slab 288 108 96 16 16 1
slab 304 108 96 16 16 1
slab 320 108 96 4 16 1
slab 0 124 96 16 16 1
slab 16 124 96 16 16 1
slab 32 124 96 16 16 1
slab 48 124 96 16 16 1
slab 64 124 96 16 16 1
slab 80 124 96 16 16 1
slab 96 124 96 16 16 1
slab 112 124 96 16 16 1
slab 128 124 96 16 16 1
slab 144 124 96 16 16 1
slab 160 124 96 16 16 1
slab 176 124 96 16 16 1
slab 192 124 96 16 16 1
slab 208 124 96 16 16 1
slab 224 124 96 16 16 1
slab 240 124 96 16 16 1
slab 256 124 96 16 16 1
slab 272 124 96 16 16 1
slab 288 124 96 16 16 1
slab 304 124 96 16 16 1
slab 320 124 96 4 16 1
slab 0 140 96 16 4 1
slab 16 140 96 16 4 1
slab 32 140 96 16 4 1
slab 48 140 96 16 4 1
slab 64 140 96 16 4 1
slab 80 140 96 16 4 1
slab 96 140 96 16 4 1
slab 112 140 96 16 4 1
slab 128 140 96 16 4 1
slab 144 140 96 16 4 1
slab 160 140 96 16 4 1
slab 176 140 96 16 4 1
slab 192 140 96 16 4 1
slab 208 140 96 16 4 1
slab 224 140 96 16 4 1
slab 240 140 96 16 4 1
slab 256 140 96 16 4 1
slab 272 140 96 16 4 1
slab 288 140 96 16 4 1
slab 304 140 96 16 4 1
slab 320 140 96 4 4 1
slab 0 144 96 16 16 1
slab 16 144 96 16 16 1
slab 32 144 96 16 16 1
slab 48 144 96 16 16 1
slab 64 144 96 16 16 1
slab 80 144 96 16 16 1
slab 96 144 96 16 16 1
slab 112 144 96 16 16 1
slab 128 144 96 16 16 1
slab 144 144 96 16 16 1
slab 160 144 96 16 16 1
slab 176 144 96 16 16 1
slab 192 144 96 16 16 1
slab 208 144 96 16 16 1
slab 224 144 96 16 16 1
slab 240 144 96 16 16 1
slab 256 144 96 16 16 1
slab 272 144 96 16 16 1
slab 288 144 96 16 16 1
slab 304 144 96 16 16 1
slab 320 144 96 16 16 1
slab 336 144 96 16 16 1
slab 352 144 96 16 16 1
slab 368 144 96 16 16 1
slab 384 144 96 4 16 1
slab 0 160 96 16 16 1
slab 16 160 96 16 16 1
slab 32 160 96 16 16 1
slab 48 160 96 16 16 1
slab 64 160 96 16 16 1
slab 80 160 96 16 16 1
slab 96 160 96 16 16 1
slab 112 160 96 16 16 1
slab 128 160 96 16 16 1
slab 144 160 96 16 16 1
slab 160 160 96 16 16 1
slab 176 160 96 16 16 1
slab 192 160 96 16 16 1
slab 208 160 96 16 16 1
slab 224 160 96 16 16 1
slab 240 160 96 16 16 1
slab 256 160 96 16 16 1
slab 272 160 96 16 16 1
slab 288 160 96 16 16 1
slab 304 160 96 16 16 1
slab 320 160 96 16 16 1
slab 336 160 96 16 16 1
slab 352 160 96 16 16 1
slab 368 160 96 16 16 1
slab 384 160 96 4 16 1
slab 0 176 96 8 8 1
slab 16 176 96 16 8 1
slab 32 176 96 16 8 1
slab 48 176 96 16 8 1
slab 64 176 96 16 8 1
slab 80 176 96 16 8 1
slab 96 176 96 16 8 1
slab 112 176 96 16 8 1
slab 128 176 96 16 8 1
slab 144 176 96 16 8 1
slab 160 176 96 16 8 1
slab 176 176 96 16 8 1
slab 192 176 96 16 8 1
slab 208 176 96 16 8 1
slab 224 176 96 16 8 1
slab 240 176 96 16 8 1
slab 256 176 96 16 8 1
slab 272 176 96 16 8 1
slab 288 176 96 16 8 1
slab 304 176 96 16 8 1
slab 320 176 96 16 8 1
slab 336 176 96 16 8 1
slab 352 176 96 16 8 1
slab 368 176 96 4 8 1
slab 380 176 96 8 8 1
slab 0 184 96 16 12 1
slab 16 184 96 16 12 1
slab 32 184 96 16 12 1
slab 48 184 96 16 12 1
slab 64 184 96 16 12 1
slab 80 184 96 16 12 1
slab 96 184 96 16 12 1
slab 112 184 96 16 12 1
slab 128 184 96 16 12 1
slab 144 184 96 16 12 1
slab 160 184 96 16 12 1
slab 176 184 96 16 12 1
slab 192 184 96 16 12 1
slab 208 184 96 16 12 1
slab 224 184 96 16 12 1
slab 240 184 96 16 12 1
slab 256 184 96 16 12 1
slab 272 184 96 16 12 1
slab 288 184 96 16 12 1
slab 304 184 96 16 12 1
slab 320 184 96 16 12 1
slab 336 184 96 16 12 1
slab 352 184 96 16 12 1
slab 368 184 96 16 12 1
slab 384 184 96 4 12 1
slab 0 0 112 16 12 1
slab 16 0 112 16 12 1
slab 32 0 112 16 12 1
slab 48 0 112 16 12 1
slab 64 0 112 16 12 1
slab 80 0 112 16 12 1
slab 96 0 112 16 12 1
slab 112 0 112 16 12 1
slab 128 0 112 16 12 1
slab 144 0 112 16 12 1
slab 160 0 112 16 12 1
slab 176 0 112 16 12 1
slab 192 0 112 16 12 1
slab 208 0 112 16 12 1
slab 224 0 112 16 12 1
slab 240 0 112 16 12 1
slab 256 0 112 16 12 1
slab 272 0 112 16 12 1
slab 288 0 112 16 12 1
slab 304 0 112 16 12 1
slab 320 0 112 16 12 1
slab 336 0 112 16 12 1
slab 352 0 112 16 12 1
slab 368 0 112 16 12 1
slab 384 0 112 4 12 1
slab 0 12 112 8 8 1
slab 16 12 112 16 8 1
slab 32 12 112 16 8 1
slab 48 12 112 16 8 1
slab 64 12 112 16 8 1
slab 80 12 112 16 8 1
slab 96 12 112 16 8 1
slab 112 12 112 16 8 1
slab 128 12 112 16 8 1
slab 144 12 112 16 8 1
slab 160 12 112 16 8 1
slab 176 12 112 16 8 1
slab 192 12 112 16 8 1
slab 208 12 112 16 8 1
slab 224 12 112 16 8 1
slab 240 12 112 16 8 1
slab 256 12 112 16 8 1
slab 272 12 112 16 8 1
slab 288 12 112 16 8 1
slab 304 12 112 16 8 1
slab 320 12 112 16 8 1
slab 336 12 112 16 8 1
slab 352 12 112 16 8 1
slab 368 12 112 4 8 1
slab 380 12 112 8 8 1
slab 0 20 112 16 16 1
slab 16 20 112 16 16 1
slab 32 20 112 16 16 1
slab 48 20 112 16 16 1
slab 64 20 112 16 16 1
slab 80 20 112 16 16 1
slab 96 20 112 16 16 1
slab 112 20 112 16 16 1
slab 128 20 112 16 16 1
slab 144 20 112 16 16 1
slab 160 20 112 16 16 1
slab 176 20 112 16 16 1
slab 192 20 112 16 16 1
slab 208 20 112 16 16 1
slab 224 20 112 16 16 1
slab 240 20 112 16 16 1
slab 256 20 112 16 16 1
slab 272 20 112 16 16 1
slab 288 20 112 16 16 1
slab 304 20 112 16 16 1
slab 320 20 112 16 16 1
slab 336 20 112 16 16 1
slab 352 20 112 16 16 1
slab 368 20 112 16 16 1
slab 384 20 112 4 16 1
slab 0 36 112 16 16 1
slab 16 36 112 16 16 1
slab 32 36 112 16 16 1
slab 48 36 112 16 16 1
slab 64 36 112 16 16 1
slab 80 36 112 16 16 1
slab 96 36 112 16 16 1
slab 112 36 112 16 16 1
slab 128 36 112 16 16 1
slab 144 36 112 16 16 1
slab 160 36 112 16 16 1
slab 176 36 112 16 16 1
slab 192 36 112 16 16 1
slab 208 36 112 16 16 1
slab 224 36 112 16 16 1
slab 240 36 112 16 16 1
slab 256 36 112 16 16 1
slab 272 36 112 16 16 1
slab 288 36 112 16 16 1
slab 304 36 112 16 16 1
slab 320 36 112 16 16 1
slab 336 36 112 16 16 1
slab 352 36 112 16 16 1
slab 368 36 112 16 16 1
slab 384 36 112 4 16 1
slab 64 52 112 16 16 1
slab 80 52 112 16 16 1
slab 96 52 112 16 16 1
slab 112 52 112 16 16 1
slab 128 52 112 16 16 1
slab 144 52 112 16 16 1
slab 160 52 112 16 16 1
slab 176 52 112 16 16 1
slab 192 52 112 16 16 1
slab 208 52 112 16 16 1
slab 224 52 112 16 16 1
slab 240 52 112 16 16 1
slab 256 52 112 16 16 1
slab 272 52 112 16 16 1
slab 288 52 112 16 16 1
slab 304 52 112 16 16 1
slab 320 52 112 16 16 1
slab 336 52 112 16 16 1
slab 352 52 112 16 16 1
slab 368 52 112 16 16 1
slab 384 52 112 4 16 1
slab 64 68 112 16 4 1
slab 80 68 112 16 4 1
slab 96 68 112 16 4 1
slab 112 68 112 16 4 1
slab 128 68 112 16 4 1
slab 144 68 112 16 4 1
slab 160 68 112 16 4 1
slab 176 68 112 16 4 1
slab 192 68 112 16 4 1
slab 208 68 112 16 4 1
slab 224 68 112 16 4 1
slab 240 68 112 16 4 1
slab 256 68 112 16 4 1
slab 272 68 112 16 4 1
slab 288 68 112 16 4 1
slab 304 68 112 16 4 1
slab 320 68 112 16 4 1
slab 336 68 112 16 4 1
slab 352 68 112 16 4 1
slab 368 68 112 16 4 1
slab 384 68 112 4 4 1
slab 0 52 112 16 16 1
slab 16 52 112 12 16 1
slab 0 68 112 16 16 1
slab 16 68 112 12 16 1
slab 0 84 112 16 4 1
slab 16 84 112 12 4 1
slab 200 72 112 16 16 1
slab 216 72 112 16 16 1
slab 232 72 112 16 16 1
slab 248 72 112 16 16 1
slab 264 72 112 16 16 1
slab 280 72 112 16 16 1
slab 296 72 112 16 16 1
slab 312 72 112 16 16 1
slab 328 72 112 16 16 1
slab 344 72 112 16 16 1
slab 360 72 112 16 16 1
slab 376 72 112 12 16 1
slab 64 72 112 16 16 1
slab 80 72 112 16 16 1
slab 96 72 112 16 16 1
slab 112 72 112 16 16 1
slab 128 72 112 16 16 1
slab 144 72 112 16 16 1
slab 160 72 112 16 16 1
slab 176 72 112 12 16 1
slab 0 88 112 16 16 1
slab 16 88 112 16 16 1
slab 32 88 112 16 16 1
slab 48 88 112 16 16 1
slab 64 88 112 16 16 1
slab 80 88 112 16 16 1
slab 96 88 112 16 16 1
slab 112 88 112 16 16 1
slab 128 88 112 16 16 1
slab 144 88 112 16 16 1
slab 160 88 112 16 16 1
slab 176 88 112 16 16 1
slab 192 88 112 16 16 1
slab 208 88 112 16 16 1
slab 224 88 112 16 16 1
slab 240 88 112 16 16 1
slab 256 88 112 16 16 1
slab 272 88 112 16 16 1
slab 288 88 112 16 16 1
slab 304 88 112 16 16 1
slab 320 88 112 16 16 1
slab 336 88 112 16 16 1
slab 352 88 112 16 16 1
slab 368 88 112 16 16 1
slab 384 88 112 4 16 1
slab 0 104 112 16 4 1
slab 16 104 112 16 4 1
slab 32 104 112 16 4 1
slab 48 104 112 16 4 1
slab 64 104 112 16 4 1
slab 80 104 112 16 4 1
slab 96 104 112 16 4 1
slab 112 104 112 16 4 1
slab 128 104 112 16 4 1
slab 144 104 112 16 4 1
slab 160 104 112 16 4 1
slab 176 104 112 16 4 1
slab 192 104 112 16 4 1
slab 208 104 112 16 4 1
slab 224 104 112 16 4 1
slab 240 104 112 16 4 1
slab 256 104 112 16 4 1
slab 272 104 112 16 4 1
slab 288 104 112 16 4 1
slab 304 104 112 16 4 1
slab 320 104 112 16 4 1
slab 336 104 112 16 4 1
slab 352 104 112 16 4 1
slab 368 104 112 16 4 1
slab 384 104 112 4 4 1
slab 360 108 112 16 16 1
slab 376 108 112 12 16 1
slab 360 124 112 16 16 1
slab 376 124 112 12 16 1
slab 360 140 112 16 4 1
slab 376 140 112 12 4 1
slab 0 108 112 16 16 1
slab 16 108 112 16 16 1
slab 32 108 112 16 16 1
slab 48 108 112 16 16 1
slab 64 108 112 16 16 1
slab 80 108 112 16 16 1
slab 96 108 112 16 16 1
slab 112 108 112 16 16 1
slab 128 108 112 16 16 1
slab 144 108 112 16 16 1
slab 160 108 112 16 16 1
slab 176 108 112 16 16 1
slab 192 108 112 16 16 1
slab 208 108 112 16 16 1
slab 224 108 112 16 16 1
slab 240 108 112 16 16 1
slab 256 108 112 16 16 1
slab 272 108 112 16 16 1
slab 288 108 112 16 16 1
slab 304 108 112 16 16 1
slab 320 108 112 4 16 1
slab 0 124 112 16 16 1
slab 16 124 112 16 16 1
slab 32 124 112 16 16 1
slab 48 124 112 16 16 1
slab 64 124 112 16 16 1
slab 80 124 112 16 16 1
slab 96 124 112 16 16 1
slab 112 124 112 16 16 1
slab 128 124 112 16 16 1
slab 144 124 112 16 16 1
slab 160 124 112 16 16 1
slab 176 124 112 16 16 1
slab 192 124 112 16 16 1
slab 208 124 112 16 16 1
slab 224 124 112 16 16 1
slab 240 124 112 16 16 1
slab 256 124 112 16 16 1
slab 272 124 112 16 16 1
slab 288 124 112 16 16 1
slab 304 124 112 16 16 1
slab 320 124 112 4 16 1
slab 0 140 112 16 4 1
slab 16 140 112 16 4 1
slab 32 140 112 16 4 1
slab 48 140 112 16 4 1
slab 64 140 112 16 4 1
slab 80 140 112 16 4 1
slab 96 140 112 16 4 1
slab 112 140 112 16 4 1
slab 128 140 112 16 4 1
slab 144 140 112 16 4 1
slab 160 140 112 16 4 1
slab 176 140 112 16 4 1
slab 192 140 112 16 4 1
slab 208 140 112 16 4 1
slab 224 140 112 16 4 1
slab 240 140 112 16 4 1
slab 256 140 112 16 4 1
slab 272 140 112 16 4 1
slab 288 140 112 16 4 1
slab 304 140 112 16 4 1
slab 320 140 112 4 4 1
slab 0 144 112 16 16 1
slab 16 144 112 16 16 1
slab 32 144 112 16 16 1
slab 48 144 112 16 16 1
slab 64 144 112 16 16 1
slab 80 144 112 16 16 1
slab 96 144 112 16 16 1
slab 112 144 112 16 16 1
slab 128 144 112 16 16 1
slab 144 144 112 16 16 1
slab 160 144 112 16 16 1
slab 176 144 112 16 16 1
slab 192 144 112 16 16 1
slab 208 144 112 16 16 1
slab 224 144 112 16 16 1
slab 240 144 112 16 16 1
slab 256 144 112 16 16 1
slab 272 144 112 16 16 1
slab 288 144 112 16 16 1
slab 304 144 112 16 16 1
slab 320 144 112 16 16 1
slab 336 144 112 16 16 1
slab 352 144 112 16 16 1
slab 368 144 112 16 16 1
slab 384 144 112 4 16 1
slab 0 160 112 16 16 1
slab 16 160 112 16 16 1
slab 32 160 112 16 16 1
slab 48 160 112 16 16 1
slab 64 160 112 16 16 1
slab 80 160 112 16 16 1
slab 96 160 112 16 16 1
slab 112 160 112 16 16 1
slab 128 160 112 16 16 1
slab 144 160 112 16 16 1
slab 160 160 112 16 16 1
slab 176 160 112 16 16 1
slab 192 160 112 16 16 1
slab 208 160 112 16 16 1
slab 224 160 112 16 16 1
slab 240 160 112 16 16 1
slab 256 160 112 16 16 1
slab 272 160 112 16 16 1
slab 288 160 112 16 16 1
slab 304 160 112 16 16 1
slab 320 160 112 16 16 1
slab 336 160 112 16 16 1
slab 352 160 112 16 16 1
slab 368 160 112 16 16 1
slab 384 160 112 4 16 1
slab 0 176 112 8 8 1
slab 16 176 112 16 8 1
slab 32 176 112 16 8 1
slab 48 176 112 16 8 1
slab 64 176 112 16 8 1
slab 80 176 112 16 8 1
slab 96 176 112 16 8 1
slab 112 176 112 16 8 1
slab 128 176 112 16 8 1
slab 144 176 112 16 8 1
slab 160 176 112 16 8 1
slab 176 176 112 16 8 1
slab 192 176 112 16 8 1
slab 208 176 112 16 8 1
slab 224 176 112 16 8 1
slab 240 176 112 16 8 1
slab 256 176 112 16 8 1
slab 272 176 112 16 8 1
slab 288 176 112 16 8 1
slab 304 176 112 16 8 1
slab 320 176 112 16 8 1
slab 336 176 112 16 8 1
slab 352 176 112 16 8 1
slab 368 176 112 4 8 1
slab 380 176 112 8 8 1
slab 0 184 112 16 12 1
slab 16 184 112 16 12 1
slab 32 184 112 16 12 1
slab 48 184 112 16 12 1
slab 64 184 112 16 12 1
slab 80 184 112 16 12 1
slab 96 184 112 16 12 1
slab 112 184 112 16 12 1
slab 128 184 112 16 12 1
slab 144 184 112 16 12 1
slab 160 184 112 16 12 1
slab 176 184 112 16 12 1
slab 192 184 112 16 12 1
slab 208 184 112 16 12 1
slab 224 184 112 16 12 1
slab 240 184 112 16 12 1
slab 256 184 112 16 12 1
slab 272 184 112 16 12 1
slab 288 184 112 16 12 1
slab 304 184 112 16 12 1
slab 320 184 112 16 12 1
slab 336 184 112 16 12 1
slab 352 184 112 16 12 1
slab 368 184 112 16 12 1
slab 384 184 112 4 12 1
slab 0 0 128 16 12 1
slab 16 0 128 16 12 1
slab 32 0 128 16 12 1
slab 48 0 128 16 12 1
slab 64 0 128 16 12 1
slab 80 0 128 16 12 1
slab 96 0 128 16 12 1
slab 112 0 128 16 12 1
slab 128 0 128 16 12 1
slab 144 0 128 16 12 1
slab 160 0 128 16 12 1
slab 176 0 128 16 12 1
slab 192 0 128 16 12 1
slab 208 0 128 16 12 1
slab 224 0 128 16 12 1
slab 240 0 128 16 12 1
slab 256 0 128 16 12 1
slab 272 0 128 16 12 1
slab 288 0 128 16 12 1
slab 304 0 128 16 12 1
slab 320 0 128 16 12 1
slab 336 0 128 16 12 1
slab 352 0 128 16 12 1
slab 368 0 128 16 12 1
slab 384 0 128 4 12 1
slab 0 12 128 8 8 1
slab 16 12 128 16 8 1
slab 32 12 128 16 8 1
slab 48 12 128 16 8 1
slab 64 12 128 16 8 1
slab 80 12 128 16 8 1
slab 96 12 128 16 8 1
slab 112 12 128 16 8 1
slab 128 12 128 16 8 1
slab 144 12 128 16 8 1
slab 160 12 128 16 8 1
slab 176 12 128 16 8 1
slab 192 12 128 16 8 1
slab 208 12 128 16 8 1
slab 224 12 128 16 8 1
slab 240 12 128 16 8 1
slab 256 12 128 16 8 1
slab 272 12 128 16 8 1
slab 288 12 128 16 8 1
slab 304 12 128 16 8 1
slab 320 12 128 16 8 1
slab 336 12 128 16 8 1
slab 352 12 128 16 8 1
slab 368 12 128 4 8 1
slab 380 12 128 8 8 1
slab 0 20 128 16 16 1
slab 16 20 128 16 16 1
slab 32 20 128 16 16 1
slab 48 20 128 16 16 1
slab 64 20 128 16 16 1
slab 80 20 128 16 16 1
slab 96 20 128 16 16 1
slab 112 20 128 16 16 1
slab 128 20 128 16 16 1
slab 144 20 128 16 16 1
slab 160 20 128 16 16 1
slab 176 20 128 16 16 1
slab 192 20 128 16 16 1
slab 208 20 128 16 16 1
slab 224 20 128 16 16 1
slab 240 20 128 16 16 1
slab 256 20 128 16 16 1
slab 272 20 128 16 16 1
slab 288 20 128 16 16 1
slab 304 20 128 16 16 1
slab 320 20 128 16 16 1
slab 336 20 128 16 16 1
slab 352 20 128 16 16 1
slab 368 20 128 16 16 1
slab 384 20 128 4 16 1
slab 0 36 128 16 16 1
slab 16 36 128 16 16 1
slab 32 36 128 16 16 1
slab 48 36 128 16 16 1
slab 64 36 128 16 16 1
slab 80 36 128 16 16 1
slab 96 36 128 16 16 1
slab 112 36 128 16 16 1
slab 128 36 128 16 16 1
slab 144 36 128 16 16 1
slab 160 36 128 16 16 1
slab 176 36 128 16 16 1
slab 192 36 128 16 16 1
slab 208 36 128 16 16 1
slab 224 36 128 16 16 1
slab 240 36 128 16 16 1
slab 256 36 128 16 16 1
slab 272 36 128 16 16 1
slab 288 36 128 16 16 1
slab 304 36 128 16 16 1
slab 320 36 128 16 16 1
slab 336 36 128 16 16 1
slab 352 36 128 16 16 1
slab 368 36 128 16 16 1
slab 384 36 128 4 16 1
slab 64 52 128 16 16 1
slab 80 52 128 16 16 1
slab 96 52 128 16 16 1
slab 112 52 128 16 16 1
slab 128 52 128 16 16 1
slab 144 52 128 16 16 1
slab 160 52 128 16 16 1
slab 176 52 128 16 16 1
slab 192 52 128 16 16 1
slab 208 52 128 16 16 1
slab 224 52 128 16 16 1
slab 240 52 128 16 16 1
slab 256 52 128 16 16 1
slab 272 52 128 16 16 1
slab 288 52 128 16 16 1
slab 304 52 128 16 16 1
slab 320 52 128 16 16 1
slab 336 52 128 16 16 1
slab 352 52 128 16 16 1
slab 368 52 128 16 16 1
slab 384 52 128 4 16 1
slab 64 68 128 16 4 1
slab 80 68 128 16 4 1
slab 96 68 128 16 4 1
slab 112 68 128 16 4 1
slab 128 68 128 16 4 1
slab 144 68 128 16 4 1
slab 160 68 128 16 4 1
slab 176 68 128 16 4 1
slab 192 68 128 16 4 1
slab 208 68 128 16 4 1
slab 224 68 128 16 4 1
slab 240 68 128 16 4 1
slab 256 68 128 16 4 1
slab 272 68 128 16 4 1
slab 288 68 128 16 4 1
slab 304 68 128 16 4 1
slab 320 68 128 16 4 1
slab 336 68 128 16 4 1
slab 352 68 128 16 4 1
slab 368 68 128 16 4 1
slab 384 68 128 4 4 1
slab 0 52 128 16 16 1
slab 16 52 128 12 16 1
slab 0 68 128 16 16 1
slab 16 68 128 12 16 1
slab 0 84 128 16 4 1
slab 16 84 128 12 4 1
slab 200 72 128 16 16 1
slab 216 72 128 16 16 1
slab 232 72 128 16 16 1
slab 248 72 128 16 16 1
slab 264 72 128 16 16 1
slab 280 72 128 16 16 1
slab 296 72 128 16 16 1
slab 312 72 128 16 16 1
slab 328 72 128 16 16 1
slab 344 72 128 16 16 1
slab 360 72 128 16 16 1
slab 376 72 128 12 16 1
slab 64 72 128 16 16 1
slab 80 72 128 16 16 1
slab 96 72 128 16 16 1
slab 112 72 128 16 16 1
slab 128 72 128 16 16 1
slab 144 72 128 16 16 1
slab 160 72 128 16 16 1
slab 176 72 128 12 16 1
slab 0 88 128 16 16 1
slab 16 88 128 16 16 1
slab 32 88 128 16 16 1
slab 48 88 128 16 16 1
slab 64 88 128 16 16 1
slab 80 88 128 16 16 1
slab 96 88 128 16 16 1
slab 112 88 128 16 16 1
slab 128 88 128 16 16 1
slab 144 88 128 16 16 1
slab 160 88 128 16 16 1
slab 176 88 128 16 16 1
slab 192 88 128 16 16 1
slab 208 88 128 16 16 1
slab 224 88 128 16 16 1
slab 240 88 128 16 16 1
slab 256 88 128 16 16 1
slab 272 88 128 16 16 1
slab 288 88 128 16 16 1
slab 304 88 128 16 16 1
slab 320 88 128 16 16 1
slab 336 88 128 16 16 1
slab 352 88 128 16 16 1
slab 368 88 128 16 16 1
slab 384 88 128 4 16 1
slab 0 104 128 16 4 1
slab 16 104 128 16 4 1
slab 32 104 128 16 4 1
slab 48 104 128 16 4 1
slab 64 104 128 16 4 1
slab 80 104 128 16 4 1
slab 96 104 128 16 4 1
slab 112 104 128 16 4 1
slab 128 104 128 16 4 1
slab 144 104 128 16 4 1
slab 160 104 128 16 4 1
slab 176 104 128 16 4 1
slab 192 104 128 16 4 1
slab 208 104 128 16 4 1
slab 224 104 128 16 4 1
slab 240 104 128 16 4 1
slab 256 104 128 16 4 1
slab 272 104 128 16 4 1
slab 288 104 128 16 4 1
slab 304 104 128 16 4 1
slab 320 104 128 16 4 1
slab 336 104 128 16 4 1
slab 352 104 128 16 4 1
slab 368 104 128 16 4 1
slab 384 104 128 4 4 1
slab 360 108 128 16 16 1
slab 376 108 128 12 16 1
slab 360 124 128 16 16 1
slab 376 124 128 12 16 1
slab 360 140 128 16 4 1
slab 376 140 128 12 4 1
slab 0 108 128 16 16 1
slab 16 108 128 16 16 1
slab 32 108 128 16 16 1
slab 48 108 128 16 16 1
slab 64 108 128 16 16 1
slab 80 108 128 16 16 1
slab 96 108 128 16 16 1
slab 112 108 128 16 16 1
slab 128 108 128 16 16 1
slab 144 108 128 16 16 1
slab 160 108 128 16 16 1
slab 176 108 128 16 16 1
slab 192 108 128 16 16 1
slab 208 108 128 16 16 1
slab 224 108 128 16 16 1
slab 240 108 128 16 16 1
slab 256 108 128 16 16 1
slab 272 108 128 16 16 1
slab 288 108 128 16 16 1
slab 304 108 128 16 16 1
slab 320 108 128 4 16 1
slab 0 124 128 16 16 1
slab 16 124 128 16 16 1
slab 32 124 128 16 16 1
slab 48 124 128 16 16 1
slab 64 124 128 16 16 1
slab 80 124 128 16 16 1
slab 96 124 128 16 16 1
slab 112 124 128 16 16 1
slab 128 124 128 16 16 1
slab 144 124 128 16 16 1
slab 160 124 128 16 16 1
slab 176 124 128 16 16 1
slab 192 124 128 16 16 1
slab 208 124 128 16 16 1
slab 224 124 128 16 16 1
slab 240 124 128 16 16 1
slab 256 124 128 16 16 1
slab 272 124 128 16 16 1
slab 288 124 128 16 16 1
slab 304 124 128 16 16 1
slab 320 124 128 4 16 1
slab 0 140 128 16 4 1
slab 16 140 128 16 4 1
slab 32 140 128 16 4 1
slab 48 140 128 16 4 1
slab 64 140 128 16 4 1
slab 80 140 128 16 4 1
slab 96 140 128 16 4 1
slab 112 140 128 16 4 1
slab 128 140 128 16 4 1
slab 144 140 128 16 4 1
slab 160 140 128 16 4 1
slab 176 140 128 16 4 1
slab 192 140 128 16 4 1
slab 208 140 128 16 4 1
slab 224 140 128 16 4 1
slab 240 140 128 16 4 1
slab 256 140 128 16 4 1
slab 272 140 128 16 4 1
slab 288 140 128 16 4 1
slab 304 140 128 16 4 1
slab 320 140 128 4 4 1
slab 0 144 128 16 16 1
slab 16 144 128 16 16 1
slab 32 144 128 16 16 1
slab 48 144 128 16 16 1
slab 64 144 128 16 16 1
slab 80 144 128 16 16 1
slab 96 144 128 16 16 1
slab 112 144 128 16 16 1
slab 128 144 128 16 16 1
slab 144 144 128 16 16 1
slab 160 144 128 16 16 1
slab 176 144 128 16 16 1
slab 192 144 128 16 16 1
slab 208 144 128 16 16 1
slab 224 144 128 16 16 1
slab 240 144 128 16 16 1
slab 256 144 128 16 16 1
slab 272 144 128 16 16 1
slab 288 144 128 16 16 1
slab 304 144 128 16 16 1
slab 320 144 128 16 16 1
slab 336 144 128 16 16 1
slab 352 144 128 16 16 1
slab 368 144 128 16 16 1
slab 384 144 128 4 16 1
slab 0 160 128 16 16 1
slab 16 160 128 16 16 1
slab 32 160 128 16 16 1
slab 48 160 128 16 16 1
slab 64 160 128 16 16 1
slab 80 160 128 16 16 1
slab 96 160 128 16 16 1
slab 112 160 128 16 16 1
slab 128 160 128 16 16 1
slab 144 160 128 16 16 1
slab 160 160 128 16 16 1
slab 176 160 128 16 16 1
slab 192 160 128 16 16 1
slab 208 160 128 16 16 1
slab 224 160 128 16 16 1
slab 240 160 128 16 16 1
slab 256 160 128 16 16 1
slab 272 160 128 16 16 1
slab 288 160 128 16 16 1
slab 304 160 128 16 16 1
slab 320 160 128 16 16 1
slab 336 160 128 16 16 1
slab 352 160 128 16 16 1
slab 368 160 128 16 16 1
slab 384 160 128 4 16 1
slab 0 176 128 8 8 1
slab 16 176 128 16 8 1
slab 32 176 128 16 8 1
slab 48 176 128 16 8 1
slab 64 176 128 16 8 1
slab 80 176 128 16 8 1
slab 96 176 128 16 8 1
slab 112 176 128 16 8 1
slab 128 176 128 16 8 1
slab 144 176 128 16 8 1
slab 160 176 128 16 8 1
slab 176 176 128 16 8 1
slab 192 176 128 16 8 1
slab 208 176 128 16 8 1
slab 224 176 128 16 8 1
slab 240 176 128 16 8 1
slab 256 176 128 16 8 1
slab 272 176 128 16 8 1
slab 288 176 128 16 8 1
slab 304 176 128 16 8 1
slab 320 176 128 16 8 1
slab 336 176 128 16 8 1
slab 352 176 128 16 8 1
slab 368 176 128 4 8 1
slab 380 176 128 8 8 1
slab 0 184 128 16 12 1
slab 16 184 128 16 12 1
slab 32 184 128 16 12 1
slab 48 184 128 16 12 1
slab 64 184 128 16 12 1
slab 80 184 128 16 12 1
slab 96 184 128 16 12 1
slab 112 184 128 16 12 1
slab 128 184 128 16 12 1
slab 144 184 128 16 12 1
slab 160 184 128 16 12 1
slab 176 184 128 16 12 1
slab 192 184 128 16 12 1
slab 208 184 128 16 12 1
slab 224 184 128 16 12 1
slab 240 184 128 16 12 1
slab 256 184 128 16 12 1
slab 272 184 128 16 12 1
slab 288 184 128 16 12 1
slab 304 184 128 16 12 1
slab 320 184 128 16 12 1
slab 336 184 128 16 12 1
slab 352 184 128 16 12 1
slab 368 184 128 16 12 1
slab 384 184 128 4 12 1
slab 0 0 144 16 16 1
slab 16 0 144 16 16 1
slab 32 0 144 16 16 1
slab 48 0 144 16 16 1
slab 64 0 144 16 16 1
slab 80 0 144 16 16 1
slab 96 0 144 16 16 1
slab 112 0 144 16 16 1
slab 128 0 144 16 16 1
slab 144 0 144 16 16 1
slab 160 0 144 16 16 1
slab 176 0 144 16 16 1
slab 192 0 144 16 16 1
slab 208 0 144 16 16 1
slab 224 0 144 16 16 1
slab 240 0 144 16 16 1
slab 256 0 144 16 16 1
slab 272 0 144 16 16 1
slab 288 0 144 16 16 1
slab 304 0 144 16 16 1
slab 320 0 144 16 16 1
slab 336 0 144 16 16 1
slab 352 0 144 16 16 1
slab 368 0 144 16 16 1
slab 384 0 144 4 16 1
slab 0 16 144 16 16 1
slab 16 16 144 16 16 1
slab 32 16 144 16 16 1
slab 48 16 144 16 16 1
slab 64 16 144 16 16 1
slab 80 16 144 16 16 1
slab 96 16 144 16 16 1
slab 112 16 144 16 16 1
slab 128 16 144 16 16 1
slab 144 16 144 16 16 1
slab 160 16 144 16 16 1
slab 176 16 144 16 16 1
slab 192 16 144 16 16 1
slab 208 16 144 16 16 1
slab 224 16 144 16 16 1
slab 240 16 144 16 16 1
slab 256 16 144 16 16 1
slab 272 16 144 16 16 1
slab 288 16 144 16 16 1
slab 304 16 144 16 16 1
slab 320 16 144 16 16 1
slab 336 16 144 16 16 1
slab 352 16 144 16 16 1
slab 368 16 144 16 16 1
slab 384 16 144 4 16 1
slab 0 32 144 16 16 1
slab 16 32 144 16 16 1
slab 32 32 144 16 16 1
slab 48 32 144 16 16 1
slab 64 32 144 16 16 1
slab 80 32 144 16 16 1
slab 96 32 144 16 16 1
slab 112 32 144 16 16 1
slab 128 32 144 16 16 1
slab 144 32 144 16 16 1
slab 160 32 144 16 16 1
slab 176 32 144 16 16 1
slab 192 32 144 16 16 1
slab 208 32 144 16 16 1
slab 224 32 144 16 16 1
slab 240 32 144 16 16 1
slab 256 32 144 16 16 1
slab 272 32 144 16 16 1
slab 288 32 144 16 16 1
slab 304 32 144 16 16 1
slab 320 32 144 16 16 1
slab 336 32 144 16 16 1
slab 352 32 144 16 16 1
slab 368 32 144 16 16 1
slab 384 32 144 4 16 1
slab 0 48 144 16 16 1
slab 16 48 144 16 16 1
slab 32 48 144 16 16 1
slab 48 48 144 16 16 1
slab 64 48 144 16 16 1
slab 80 48 144 16 16 1
slab 96 48 144 16 16 1
slab 112 48 144 16 16 1
slab 128 48 144 16 16 1
slab 144 48 144 16 16 1
slab 160 48 144 16 16 1
slab 176 48 144 16 16 1
slab 192 48 144 16 16 1
slab 208 48 144 16 16 1
slab 224 48 144 16 16 1
slab 240 48 144 16 16 1
slab 256 48 144 16 16 1
slab 272 48 144 16 16 1
slab 288 48 144 16 16 1
slab 304 48 144 16 16 1
slab 320 48 144 16 16 1
slab 336 48 144 16 16 1
slab 352 48 144 16 16 1
slab 368 48 144 16 16 1
slab 384 48 144 4 16 1
slab 0 64 144 16 16 1
slab 16 64 144 16 16 1
slab 32 64 144 16 16 1
slab 48 64 144 16 16 1
slab 64 64 144 16 16 1
slab 80 64 144 16 16 1
slab 96 64 144 16 16 1
slab 112 64 144 16 16 1
slab 128 64 144 16 16 1
slab 144 64 144 16 16 1
slab 160 64 144 16 16 1
slab 176 64 144 16 16 1
slab 192 64 144 16 16 1
slab 208 64 144 16 16 1
slab 224 64 144 16 16 1
slab 240 64 144 16 16 1
slab 256 64 144 16 16 1
slab 272 64 144 16 16 1
slab 288 64 144 16 16 1
slab 304 64 144 16 16 1
slab 320 64 144 16 16 1
slab 336 64 144 16 16 1
slab 352 64 144 16 16 1
slab 368 64 144 16 16 1
slab 384 64 144 4 16 1
slab 0 80 144 16 16 1
slab 16 80 144 16 16 1
slab 32 80 144 16 16 1
slab 48 80 144 16 16 1
slab 64 80 144 16 16 1
slab 80 80 144 16 16 1
slab 96 80 144 16 16 1
slab 112 80 144 16 16 1
slab 128 80 144 16 16 1
slab 144 80 144 16 16 1
slab 160 80 144 16 16 1
slab 176 80 144 16 16 1
slab 192 80 144 16 16 1
slab 208 80 144 16 16 1
slab 224 80 144 16 16 1
slab 240 80 144 16 16 1
slab 256 80 144 16 16 1
slab 272 80 144 16 16 1
slab 288 80 144 16 16 1
slab 304 80 144 16 16 1
slab 320 80 144 16 16 1
slab 336 80 144 16 16 1
slab 352 80 144 16 16 1
slab 368 80 144 16 16 1
slab 384 80 144 4 16 1
slab 0 96 144 16 16 1
slab 16 96 144 16 16 1
slab 32 96 144 16 16 1
slab 48 96 144 16 16 1
slab 64 96 144 16 16 1
slab 80 96 144 16 16 1
slab 96 96 144 16 16 1
slab 112 96 144 16 16 1
slab 128 96 144 16 16 1
slab 144 96 144 16 16 1
slab 160 96 144 16 16 1
slab 176 96 144 16 16 1
slab 192 96 144 16 16 1
slab 208 96 144 16 16 1
slab 224 96 144 16 16 1
slab 240 96 144 16 16 1
slab 256 96 144 16 16 1
slab 272 96 144 16 16 1
slab 288 96 144 16 16 1
slab 304 96 144 16 16 1
slab 320 96 144 16 16 1
slab 336 96 144 16 16 1
slab 352 96 144 16 16 1
slab 368 96 144 16 16 1
slab 384 96 144 4 16 1
slab 0 112 144 16 16 1
slab 16 112 144 16 16 1
slab 32 112 144 16 16 1
slab 48 112 144 16 16 1
slab 64 112 144 16 16 1
slab 80 112 144 16 16 1
slab 96 112 144 16 16 1
slab 112 112 144 16 16 1
slab 128 112 144 16 16 1
slab 144 112 144 16 16 1
slab 160 112 144 16 16 1
slab 176 112 144 16 16 1
slab 192 112 144 16 16 1
slab 208 112 144 16 16 1
slab 224 112 144 16 16 1
slab 240 112 144 16 16 1
slab 256 112 144 16 16 1
slab 272 112 144 16 16 1
slab 288 112 144 16 16 1
slab 304 112 144 16 16 1
slab 320 112 144 16 16 1
slab 336 112 144 16 16 1
slab 352 112 144 16 16 1
slab 368 112 144 16 16 1
slab 384 112 144 4 16 1
slab 0 128 144 16 16 1
slab 16 128 144 16 16 1
slab 32 128 144 16 16 1
slab 48 128 144 16 16 1
slab 64 128 144 16 16 1
slab 80 128 144 16 16 1
slab 96 128 144 16 16 1
slab 112 128 144 16 16 1
slab 128 128 144 16 16 1
slab 144 128 144 16 16 1
slab 160 128 144 16 16 1
slab 176 128 144 16 16 1
slab 192 128 144 16 16 1
slab 208 128 144 16 16 1
slab 224 128 144 16 16 1
slab 240 128 144 16 16 1
slab 256 128 144 16 16 1
slab 272 128 144 16 16 1
slab 288 128 144 16 16 1
slab 304 128 144 16 16 1
slab 320 128 144 16 16 1
slab 336 128 144 16 16 1
slab 352 128 144 16 16 1
slab 368 128 144 16 16 1
slab 384 128 144 4 16 1
slab 0 144 144 16 16 1
slab 16 144 144 16 16 1
slab 32 144 144 16 16 1
slab 48 144 144 16 16 1
slab 64 144 144 16 16 1
slab 80 144 144 16 16 1
slab 96 144 144 16 16 1
slab 112 144 144 16 16 1
slab 128 144 144 16 16 1
slab 144 144 144 16 16 1
slab 160 144 144 16 16 1
slab 176 144 144 16 16 1
slab 192 144 144 16 16 1
slab 208 144 144 16 16 1
slab 224 144 144 16 16 1
slab 240 144 144 16 16 1
slab 256 144 144 16 16 1
slab 272 144 144 16 16 1
slab 288 144 144 16 16 1
slab 304 144 144 16 16 1
slab 320 144 144 16 16 1
slab 336 144 144 16 16 1
slab 352 144 144 16 16 1
slab 368 144 144 16 16 1
slab 384 144 144 4 16 1
slab 0 160 144 16 16 1
slab 16 160 144 16 16 1
slab 32 160 144 16 16 1
slab 48 160 144 16 16 1
slab 64 160 144 16 16 1
slab 80 160 144 16 16 1
slab 96 160 144 16 16 1
slab 112 160 144 16 16 1
slab 128 160 144 16 16 1
slab 144 160 144 16 16 1
slab 160 160 144 16 16 1
slab 176 160 144 16 16 1
slab 192 160 144 16 16 1
slab 208 160 144 16 16 1
slab 224 160 144 16 16 1
slab 240 160 144 16 16 1
slab 256 160 144 16 16 1
slab 272 160 144 16 16 1
slab 288 160 144 16 16 1
slab 304 160 144 16 16 1
slab 320 160 144 16 16 1
slab 336 160 144 16 16 1
slab 352 160 144 16 16 1
slab 368 160 144 16 16 1
slab 384 160 144 4 16 1
slab 0 176 144 16 16 1
slab 16 176 144 16 16 1
slab 32 176 144 16 16 1
slab 48 176 144 16 16 1
slab 64 176 144 16 16 1
slab 80 176 144 16 16 1
slab 96 176 144 16 16 1
slab 112 176 144 16 16 1
slab 128 176 144 16 16 1
slab 144 176 144 16 16 1
slab 160 176 144 16 16 1
slab 176 176 144 16 16 1
slab 192 176 144 16 16 1
slab 208 176 144 16 16 1
slab 224 176 144 16 16 1
slab 240 176 144 16 16 1
slab 256 176 144 16 16 1
slab 272 176 144 16 16 1
slab 288 176 144 16 16 1
slab 304 176 144 16 16 1
slab 320 176 144 16 16 1
slab 336 176 144 16 16 1
slab 352 176 144 16 16 1
slab 368 176 144 16 16 1
slab 384 176 144 4 16 1
slab 0 192 144 16 4 1
slab 16 192 144 16 4 1
slab 32 192 144 16 4 1
slab 48 192 144 16 4 1
slab 64 192 144 16 4 1
slab 80 192 144 16 4 1
slab 96 192 144 16 4 1
slab 112 192 144 16 4 1
slab 128 192 144 16 4 1
slab 144 192 144 16 4 1
slab 160 192 144 16 4 1
slab 176 192 144 16 4 1
slab 192 192 144 16 4 1
slab 208 192 144 16 4 1
slab 224 192 144 16 4 1
slab 240 192 144 16 4 1
slab 256 192 144 16 4 1
slab 272 192 144 16 4 1
slab 288 192 144 16 4 1
slab 304 192 144 16 4 1
slab 320 192 144 16 4 1
slab 336 192 144 16 4 1
slab 352 192 144 16 4 1
slab 368 192 144 16 4 1
slab 384 192 144 4 4 1
wall 0 0 1 16 4 15
wall 16 0 1 16 4 15
wall 32 0 1 8 4 15
wall 48 0 1 16 4 15
wall 64 0 1 16 4 15
wall 80 0 1 16 4 15
wall 96 0 1 16 4 15
wall 112 0 1 16 4 15
wall 128 0 1 16 4 15
wall 144 0 1 16 4 15
wall 160 0 1 16 4 15
wall 176 0 1 16 4 15
wall 192 0 1 16 4 15
wall 208 0 1 16 4 15
wall 224 0 1 16 4 15
wall 240 0 1 16 4 15
wall 256 0 1 16 4 15
wall 272 0 1 16 4 15
wall 288 0 1 16 4 15
wall 304 0 1 16 4 15
wall 320 0 1 16 4 15
wall 336 0 1 16 4 15
wall 352 0 1 16 4 15
wall 368 0 1 16 4 15
wall 384 0 1 4 4 15
wall 64 8 1 16 4 15
wall 80 8 1 16 4 15
wall 100 8 1 16 4 15
wall 116 8 1 16 4 15
wall 132 8 1 16 4 15
wall 148 8 1 8 4 15
wall 160 8 1 16 4 15
wall 176 8 1 16 4 15
wall 196 8 1 16 4 15
wall 212 8 1 16 4 15
wall 228 8 1 12 4 15
wall 244 8 1 16 4 15
wall 260 8 1 16 4 15
wall 276 8 1 16 4 15
wall 292 8 1 16 4 15
wall 308 8 1 12 4 15
wall 324 8 1 16 4 15
wall 340 8 1 16 4 15
wall 356 8 1 8 4 15
wall 224 12 1 16 4 15
wall 240 12 1 16 4 15
wall 256 12 1 4 4 15
wall 224 32 1 16 4 15
wall 240 32 1 16 4 15
wall 256 32 1 4 4 15
wall 24 48 1 16 4 15
wall 48 48 1 16 4 15
wall 64 48 1 4 4 15
wall 184 68 1 16 4 15
wall 200 68 1 4 4 15
wall 0 80 1 12 4 15
wall 16 80 1 12 4 15
wall 360 80 1 12 4 15
wall 376 80 1 12 4 15
wall 24 88 1 16 4 15
wall 48 88 1 16 4 15
wall 64 88 1 16 4 15
wall 80 88 1 16 4 15
wall 104 88 1 16 4 15
wall 120 88 1 16 4 15
wall 136 88 1 16 4 15
wall 152 88 1 4 4 15
wall 164 88 1 16 4 15
wall 180 88 1 8 4 15
wall 200 88 1 16 4 15
wall 216 88 1 16 4 15
wall 232 88 1 8 4 15
wall 248 88 1 16 4 15
wall 264 88 1 16 4 15
wall 280 88 1 16 4 15
wall 296 88 1 16 4 15
wall 312 88 1 8 4 15
wall 328 88 1 16 4 15
wall 344 88 1 16 4 15
wall 360 88 1 4 4 15
wall 24 104 1 16 4 15
wall 40 104 1 16 4 15
wall 56 104 1 16 4 15
wall 80 104 1 16 4 15
wall 96 104 1 16 4 15
wall 112 104 1 16 4 15
wall 128 104 1 16 4 15
wall 144 104 1 16 4 15
wall 160 104 1 12 4 15
wall 180 104 1 16 4 15
wall 196 104 1 16 4 15
wall 212 104 1 16 4 15
wall 228 104 1 16 4 15
wall 244 104 1 16 4 15
wall 260 104 1 12 4 15
wall 280 104 1 16 4 15
wall 296 104 1 16 4 15
wall 312 104 1 16 4 15
wall 328 104 1 8 4 15
wall 344 104 1 16 4 15
wall 360 104 1 4 4 15
wall 0 112 1 12 4 15
wall 16 112 1 12 4 15
wall 360 112 1 12 4 15
wall 376 112 1 12 4 15
wall 320 144 1 16 4 15
wall 344 144 1 16 4 15
wall 360 144 1 4 4 15
wall 24 184 1 16 4 15
wall 40 184 1 16 4 15
wall 56 184 1 16 4 15
wall 76 184 1 16 4 15
wall 92 184 1 16 4 15
wall 108 184 1 16 4 15
wall 124 184 1 16 4 15
wall 140 184 1 16 4 15
wall 156 184 1 16 4 15
wall 176 184 1 16 4 15
wall 192 184 1 16 4 15
wall 208 184 1 16 4 15
wall 224 184 1 16 4 15
wall 240 184 1 16 4 15
wall 256 184 1 16 4 15
wall 276 184 1 16 4 15
wall 292 184 1 16 4 15
wall 308 184 1 16 4 15
wall 0 192 1 16 4 15
wall 16 192 1 16 4 15
wall 32 192 1 16 4 15
wall 48 192 1 16 4 15
wall 64 192 1 16 4 15
wall 80 192 1 16 4 15
wall 96 192 1 16 4 15
wall 112 192 1 16 4 15
wall 128 192 1 16 4 15
wall 144 192 1 16 4 15
wall 160 192 1 16 4 15
wall 176 192 1 16 4 15
wall 192 192 1 16 4 15
wall 208 192 1 16 4 15
wall 224 192 1 16 4 15
wall 240 192 1 16 4 15
wall 256 192 1 16 4 15
wall 272 192 1 16 4 15
wall 288 192 1 16 4 15
wall 304 192 1 16 4 15
wall 320 192 1 16 4 15
wall 344 192 1 16 4 15
wall 360 192 1 16 4 15
wall 376 192 1 12 4 15
wall 0 0 1 4 16 15
wall 0 16 1 4 16 15
wall 0 32 1 4 16 15
wall 0 48 1 4 16 15
wall 0 64 1 4 16 15
wall 0 80 1 4 12 15
wall 0 104 1 4 16 15
wall 0 120 1 4 16 15
wall 0 136 1 4 16 15
wall 0 152 1 4 16 15
wall 0 168 1 4 16 15
wall 0 184 1 4 12 15
wall 24 0 1 4 16 15
wall 24 16 1 4 16 15
wall 24 32 1 4 16 15
wall 24 48 1 4 16 15
wall 24 64 1 4 16 15
wall 24 80 1 4 12 15
wall 24 104 1 4 16 15
wall 24 120 1 4 16 15
wall 24 136 1 4 16 15
wall 24 152 1 4 16 15
wall 24 168 1 4 16 15
wall 24 184 1 4 4 15
wall 64 8 1 4 16 15
wall 64 24 1 4 16 15
wall 64 40 1 4 16 15
wall 64 56 1 4 16 15
wall 64 72 1 4 16 15
wall 64 88 1 4 4 15
wall 120 104 1 4 16 15
wall 120 120 1 4 16 15
wall 120 136 1 4 16 15
wall 120 152 1 4 16 15
wall 120 168 1 4 16 15
wall 120 184 1 4 4 15
wall 128 8 1 4 16 15
wall 128 24 1 4 16 15
wall 128 40 1 4 16 15
wall 128 56 1 4 16 15
wall 128 72 1 4 16 15
wall 128 88 1 4 4 15
wall 184 8 1 4 16 15
wall 184 24 1 4 8 15
wall 184 40 1 4 16 15
wall 184 56 1 4 16 15
wall 184 72 1 4 16 15
wall 184 88 1 4 4 15
wall 200 8 1 4 16 15
wall 200 24 1 4 16 15
wall 200 40 1 4 16 15
wall 200 56 1 4 16 15
wall 200 72 1 4 16 15
wall 200 88 1 4 4 15
wall 224 8 1 4 16 15
wall 224 24 1 4 12 15
wall 224 104 1 4 16 15
wall 224 120 1 4 16 15
wall 224 136 1 4 16 15
wall 224 152 1 4 16 15
wall 224 168 1 4 16 15
wall 224 184 1 4 4 15
wall 228 8 1 4 8 15
wall 232 8 1 4 8 15
wall 236 8 1 4 8 15
wall 244 8 1 4 8 15
wall 248 8 1 4 8 15
wall 252 8 1 4 8 15
wall 256 8 1 4 16 15
wall 256 24 1 4 12 15
wall 280 8 1 4 16 15
wall 280 24 1 4 16 15
wall 280 40 1 4 16 15
wall 280 56 1 4 16 15
wall 280 72 1 4 16 15
wall 280 88 1 4 4 15
wall 320 104 1 4 16 15
wall 320 120 1 4 16 15
wall 320 136 1 4 16 15
wall 320 152 1 4 16 15
wall 320 168 1 4 16 15
wall 320 184 1 4 4 15
wall 360 8 1 4 16 15
wall 360 24 1 4 16 15
wall 360 40 1 4 16 15
wall 360 56 1 4 16 15
wall 360 72 1 4 16 15
wall 360 88 1 4 4 15
wall 360 104 1 4 16 15
wall 360 120 1 4 16 15
wall 360 136 1 4 16 15
wall 360 152 1 4 16 15
wall 360 168 1 4 16 15
wall 360 184 1 4 12 15
wall 384 0 1 4 16 15
wall 384 16 1 4 16 15
wall 384 32 1 4 16 15
wall 384 48 1 4 16 15
wall 384 64 1 4 16 15
wall 384 80 1 4 12 15
wall 384 104 1 4 16 15
wall 384 120 1 4 16 15
wall 384 136 1 4 16 15
wall 384 152 1 4 16 15
wall 384 168 1 4 16 15
wall 384 184 1 4 12 15
door 40 0 1 8 4 15
door 64 4 1 4 4 15
door 360 4 1 4 4 15
door 96 8 1 4 4 15
door 156 8 1 4 4 15
door 192 8 1 4 4 15
door 240 8 1 4 4 15
door 320 8 1 4 4 15
door 8 12 1 8 8 15
door 372 12 1 8 8 15
door 184 32 1 4 8 15
door 40 48 1 8 4 15
door 12 80 1 4 4 15
door 372 80 1 4 4 15
door 40 88 1 8 4 15
door 96 88 1 8 4 15
door 156 88 1 8 4 15
door 188 88 1 12 4 15
door 240 88 1 8 4 15
door 320 88 1 8 4 15
door 0 92 1 4 12 15
door 24 92 1 4 12 15
door 360 92 1 4 12 15
door 384 92 1 4 12 15
door 72 104 1 8 4 15
door 172 104 1 8 4 15
door 272 104 1 8 4 15
door 336 104 1 8 4 15
door 12 112 1 4 4 15
door 372 112 1 4 4 15
door 336 144 1 8 4 15
door 8 176 1 8 8 15
door 372 176 1 8 8 15
door 72 184 1 4 4 15
door 172 184 1 4 4 15
door 272 184 1 4 4 15
door 24 188 1 4 4 15
door 320 188 1 4 4 15
door 336 192 1 8 4 15
wedge 28 52 1 4 4 4
wedge 32 52 1 4 4 4
wedge 28 56 5 4 4 4
wedge 32 56 5 4 4 4
wedge 56 52 1 4 4 4
wedge 60 52 1 4 4 4
wedge 56 56 5 4 4 4
wedge 60 56 5 4 4 4
wedge 324 108 1 4 4 4
wedge 328 108 1 4 4 4
wedge 324 112 5 4 4 4
wedge 328 112 5 4 4 4
wedge 352 108 1 4 4 4
wedge 356 108 1 4 4 4
wedge 352 112 5 4 4 4
wedge 356 112 5 4 4 4
wall 0 0 17 16 4 15
wall 16 0 17 16 4 15
wall 32 0 17 8 4 15
wall 48 0 17 16 4 15
wall 64 0 17 16 4 15
wall 80 0 17 16 4 15
wall 96 0 17 16 4 15
wall 112 0 17 16 4 15
wall 128 0 17 16 4 15
wall 144 0 17 16 4 15
wall 160 0 17 16 4 15
wall 176 0 17 16 4 15
wall 192 0 17 16 4 15
wall 208 0 17 16 4 15
wall 224 0 17 16 4 15
wall 240 0 17 16 4 15
wall 256 0 17 16 4 15
wall 272 0 17 16 4 15
wall 288 0 17 16 4 15
wall 304 0 17 16 4 15
wall 320 0 17 16 4 15
wall 336 0 17 16 4 15
wall 352 0 17 16 4 15
wall 368 0 17 16 4 15
wall 384 0 17 4 4 15
wall 64 8 17 16 4 15
wall 80 8 17 16 4 15
wall 100 8 17 16 4 15
wall 116 8 17 16 4 15
wall 132 8 17 16 4 15
wall 148 8 17 8 4 15
wall 160 8 17 16 4 15
wall 176 8 17 16 4 15
wall 196 8 17 16 4 15
wall 212 8 17 16 4 15
wall 228 8 17 12 4 15
wall 244 8 17 16 4 15
wall 260 8 17 16 4 15
wall 276 8 17 16 4 15
wall 292 8 17 16 4 15
wall 308 8 17 12 4 15
wall 324 8 17 16 4 15
wall 340 8 17 16 4 15
wall 356 8 17 8 4 15
wall 224 12 17 16 4 15
wall 240 12 17 16 4 15
wall 256 12 17 4 4 15
wall 224 32 17 16 4 15
wall 240 32 17 16 4 15
wall 256 32 17 4 4 15
wall 24 48 17 16 4 15
wall 48 48 17 16 4 15
wall 64 48 17 4 4 15
wall 184 68 17 16 4 15
wall 200 68 17 4 4 15
wall 0 80 17 12 4 15
wall 16 80 17 12 4 15
wall 360 80 17 12 4 15
wall 376 80 17 12 4 15
wall 24 88 17 16 4 15
wall 48 88 17 16 4 15
wall 64 88 17 16 4 15
wall 80 88 17 16 4 15
wall 104 88 17 16 4 15
wall 120 88 17 16 4 15
wall 136 88 17 16 4 15
wall 152 88 17 4 4 15
wall 164 88 17 16 4 15
wall 180 88 17 8 4 15
wall 200 88 17 16 4 15
wall 216 88 17 16 4 15
wall 232 88 17 8 4 15
wall 248 88 17 16 4 15
wall 264 88 17 16 4 15
wall 280 88 17 16 4 15
wall 296 88 17 16 4 15
wall 312 88 17 8 4 15
wall 328 88 17 16 4 15
wall 344 88 17 16 4 15
wall 360 88 17 4 4 15
wall 24 104 17 16 4 15
wall 40 104 17 16 4 15
wall 56 104 17 16 4 15
wall 80 104 17 16 4 15
wall 96 104 17 16 4 15
wall 112 104 17 16 4 15
wall 128 104 17 16 4 15
wall 144 104 17 16 4 15
wall 160 104 17 12 4 15
wall 180 104 17 16 4 15
wall 196 104 17 16 4 15
wall 212 104 17 16 4 15
wall 228 104 17 16 4 15
wall 244 104 17 16 4 15
wall 260 104 17 12 4 15
wall 280 104 17 16 4 15
wall 296 104 17 16 4 15
wall 312 104 17 16 4 15
wall 328 104 17 8 4 15
wall 344 104 17 16 4 15
wall 360 104 17 4 4 15
wall 0 112 17 12 4 15
wall 16 112 17 12 4 15
wall 360 112 17 12 4 15
wall 376 112 17 12 4 15
wall 320 144 17 16 4 15
wall 344 144 17 16 4 15
wall 360 144 17 4 4 15
wall 24 184 17 16 4 15
wall 40 184 17 16 4 15
wall 56 184 17 16 4 15
wall 76 184 17 16 4 15
wall 92 184 17 16 4 15
wall 108 184 17 16 4 15
wall 124 184 17 16 4 15
wall 140 184 17 16 4 15
wall 156 184 17 16 4 15
wall 176 184 17 16 4 15
wall 192 184 17 16 4 15
wall 208 184 17 16 4 15
wall 224 184 17 16 4 15
wall 240 184 17 16 4 15
wall 256 184 17 16 4 15
wall 276 184 17 16 4 15
wall 292 184 17 16 4 15
wall 308 184 17 16 4 15
wall 0 192 17 16 4 15
wall 16 192 17 16 4 15
wall 32 192 17 16 4 15
wall 48 192 17 16 4 15
wall 64 192 17 16 4 15
wall 80 192 17 16 4 15
wall 96 192 17 16 4 15
wall 112 192 17 16 4 15
wall 128 192 17 16 4 15
wall 144 192 17 16 4 15
wall 160 192 17 16 4 15
wall 176 192 17 16 4 15
wall 192 192 17 16 4 15
wall 208 192 17 16 4 15
wall 224 192 17 16 4 15
wall 240 192 17 16 4 15
wall 256 192 17 16 4 15
wall 272 192 17 16 4 15
wall 288 192 17 16 4 15
wall 304 192 17 16 4 15
wall 320 192 17 16 4 15
wall 344 192 17 16 4 15
wall 360 192 17 16 4 15
wall 376 192 17 12 4 15
wall 0 0 17 4 16 15
wall 0 16 17 4 16 15
wall 0 32 17 4 16 15
wall 0 48 17 4 16 15
wall 0 64 17 4 16 15
wall 0 80 17 4 12 15
wall 0 104 17 4 16 15
wall 0 120 17 4 16 15
wall 0 136 17 4 16 15
wall 0 152 17 4 16 15
wall 0 168 17 4 16 15
wall 0 184 17 4 12 15
wall 24 0 17 4 16 15
wall 24 16 17 4 16 15
wall 24 32 17 4 16 15
wall 24 48 17 4 16 15
wall 24 64 17 4 16 15
wall 24 80 17 4 12 15
wall 24 104 17 4 16 15
wall 24 120 17 4 16 15
wall 24 136 17 4 16 15
wall 24 152 17 4 16 15
wall 24 168 17 4 16 15
wall 24 184 17 4 4 15
wall 64 8 17 4 16 15
wall 64 24 17 4 16 15
wall 64 40 17 4 16 15
wall 64 56 17 4 16 15
wall 64 72 17 4 16 15
wall 64 88 17 4 4 15
wall 120 104 17 4 16 15
wall 120 120 17 4 16 15
wall 120 136 17 4 16 15
wall 120 152 17 4 16 15
wall 120 168 17 4 16 15
wall 120 184 17 4 4 15
wall 128 8 17 4 16 15
wall 128 24 17 4 16 15
wall 128 40 17 4 16 15
wall 128 56 17 4 16 15
wall 128 72 17 4 16 15
wall 128 88 17 4 4 15
wall 184 8 17 4 16 15
wall 184 24 17 4 8 15
wall 184 40 17 4 16 15
wall 184 56 17 4 16 15
wall 184 72 17 4 16 15
wall 184 88 17 4 4 15
wall 200 8 17 4 16 15
wall 200 24 17 4 16 15
wall 200 40 17 4 16 15
wall 200 56 17 4 16 15
wall 200 72 17 4 16 15
wall 200 88 17 4 4 15
wall 224 8 17 4 16 15
wall 224 24 17 4 12 15
wall 224 104 17 4 16 15
wall 224 120 17 4 16 15
wall 224 136 17 4 16 15
wall 224 152 17 4 16 15
wall 224 168 17 4 16 15
wall 224 184 17 4 4 15
wall 228 8 17 4 8 15
wall 232 8 17 4 8 15
wall 236 8 17 4 8 15
wall 244 8 17 4 8 15
wall 248 8 17 4 8 15
wall 252 8 17 4 8 15
wall 256 8 17 4 16 15
wall 256 24 17 4 12 15
wall 280 8 17 4 16 15
wall 280 24 17 4 16 15
wall 280 40 17 4 16 15
wall 280 56 17 4 16 15
wall 280 72 17 4 16 15
wall 280 88 17 4 4 15
wall 320 104 17 4 16 15
wall 320 120 17 4 16 15
wall 320 136 17 4 16 15
wall 320 152 17 4 16 15
wall 320 168 17 4 16 15
wall 320 184 17 4 4 15
wall 360 8 17 4 16 15
wall 360 24 17 4 16 15
wall 360 40 17 4 16 15
wall 360 56 17 4 16 15
wall 360 72 17 4 16 15
wall 360 88 17 4 4 15
wall 360 104 17 4 16 15
wall 360 120 17 4 16 15
wall 360 136 17 4 16 15
wall 360 152 17 4 16 15
wall 360 168 17 4 16 15
wall 360 184 17 4 12 15
wall 384 0 17 4 16 15
wall 384 16 17 4 16 15
wall 384 32 17 4 16 15
wall 384 48 17 4 16 15
wall 384 64 17 4 16 15
wall 384 80 17 4 12 15
wall 384 104 17 4 16 15
wall 384 120 17 4 16 15
wall 384 136 17 4 16 15
wall 384 152 17 4 16 15
wall 384 168 17 4 16 15
wall 384 184 17 4 12 15
door 40 0 17 8 4 15
door 64 4 17 4 4 15
door 360 4 17 4 4 15
door 96 8 17 4 4 15
door 156 8 17 4 4 15
door 192 8 17 4 4 15
door 240 8 17 4 4 15
door 320 8 17 4 4 15
door 8 12 17 8 8 15
door 372 12 17 8 8 15
door 184 32 17 4 8 15
door 40 48 17 8 4 15
door 12 80 17 4 4 15
door 372 80 17 4 4 15
door 40 88 17 8 4 15
door 96 88 17 8 4 15
door 156 88 17 8 4 15
door 188 88 17 12 4 15
door 240 88 17 8 4 15
door 320 88 17 8 4 15
door 0 92 17 4 12 15
door 24 92 17 4 12 15
door 360 92 17 4 12 15
door 384 92 17 4 12 15
door 72 104 17 8 4 15
door 172 104 17 8 4 15
door 272 104 17 8 4 15
door 336 104 17 8 4 15
door 12 112 17 4 4 15
door 372 112 17 4 4 15
door 336 144 17 8 4 15
door 8 176 17 8 8 15
door 372 176 17 8 8 15
door 72 184 17 4 4 15
door 172 184 17 4 4 15
door 272 184 17 4 4 15
door 24 188 17 4 4 15
door 320 188 17 4 4 15
door 336 192 17 8 4 15
wedge 28 52 17 4 4 4
wedge 32 52 17 4 4 4
wedge 28 56 21 4 4 4
wedge 32 56 21 4 4 4
wedge 56 52 17 4 4 4
wedge 60 52 17 4 4 4
wedge 56 56 21 4 4 4
wedge 60 56 21 4 4 4
wedge 324 108 17 4 4 4
wedge 328 108 17 4 4 4
wedge 324 112 21 4 4 4
wedge 328 112 21 4 4 4
wedge 352 108 17 4 4 4
wedge 356 108 17 4 4 4
wedge 352 112 21 4 4 4
wedge 356 112 21 4 4 4
wall 0 0 33 16 4 15
wall 16 0 33 16 4 15
wall 32 0 33 8 4 15
wall 48 0 33 16 4 15
wall 64 0 33 16 4 15
wall 80 0 33 16 4 15
wall 96 0 33 16 4 15
wall 112 0 33 16 4 15
wall 128 0 33 16 4 15
wall 144 0 33 16 4 15
wall 160 0 33 16 4 15
wall 176 0 33 16 4 15
wall 192 0 33 16 4 15
wall 208 0 33 16 4 15
wall 224 0 33 16 4 15
wall 240 0 33 16 4 15
wall 256 0 33 16 4 15
wall 272 0 33 16 4 15
wall 288 0 33 16 4 15
wall 304 0 33 16 4 15
wall 320 0 33 16 4 15
wall 336 0 33 16 4 15
wall 352 0 33 16 4 15
wall 368 0 33 16 4 15
wall 384 0 33 4 4 15
wall 64 8 33 16 4 15
wall 80 8 33 16 4 15
wall 96 8 33 16 4 15
wall 112 8 33 12 4 15
wall 128 8 33 16 4 15
wall 144 8 33 16 4 15
wall 160 8 33 16 4 15
wall 176 8 33 16 4 15
wall 196 8 33 16 4 15
wall 212 8 33 16 4 15
wall 228 8 33 12 4 15
wall 244 8 33 16 4 15
wall 260 8 33 16 4 15
wall 276 8 33 16 4 15
wall 292 8 33 16 4 15
wall 308 8 33 12 4 15
wall 324 8 33 16 4 15
wall 340 8 33 16 4 15
wall 356 8 33 8 4 15
wall 24 48 33 16 4 15
wall 48 48 33 16 4 15
wall 64 48 33 4 4 15
wall 184 68 33 16 4 15
wall 200 68 33 4 4 15
wall 0 80 33 12 4 15
wall 16 80 33 12 4 15
wall 360 80 33 12 4 15
wall 376 80 33 12 4 15
wall 24 88 33 16 4 15
wall 48 88 33 16 4 15
wall 64 88 33 16 4 15
wall 80 88 33 16 4 15
wall 96 88 33 16 4 15
wall 112 88 33 12 4 15
wall 132 88 33 16 4 15
wall 148 88 33 16 4 15
wall 164 88 33 16 4 15
wall 180 88 33 8 4 15
wall 200 88 33 16 4 15
wall 216 88 33 16 4 15
wall 232 88 33 8 4 15
wall 248 88 33 16 4 15
wall 264 88 33 16 4 15
wall 280 88 33 16 4 15
wall 296 88 33 16 4 15
wall 312 88 33 8 4 15
wall 328 88 33 16 4 15
wall 344 88 33 16 4 15
wall 360 88 33 4 4 15
wall 24 104 33 16 4 15
wall 40 104 33 16 4 15
wall 56 104 33 16 4 15
wall 80 104 33 16 4 15
wall 96 104 33 16 4 15
wall 112 104 33 16 4 15
wall 128 104 33 16 4 15
wall 144 104 33 16 4 15
wall 168 104 33 16 4 15
wall 184 104 33 16 4 15
wall 200 104 33 16 4 15
wall 216 104 33 16 4 15
wall 240 104 33 16 4 15
wall 256 104 33 16 4 15
wall 272 104 33 16 4 15
wall 288 104 33 4 4 15
wall 300 104 33 16 4 15
wall 316 104 33 16 4 15
wall 332 104 33 4 4 15
wall 344 104 33 16 4 15
wall 360 104 33 4 4 15
wall 0 112 33 12 4 15
wall 16 112 33 12 4 15
wall 360 112 33 12 4 15
wall 376 112 33 12 4 15
wall 320 144 33 16 4 15
wall 344 144 33 16 4 15
wall 360 144 33 4 4 15
wall 24 184 33 16 4 15
wall 40 184 33 16 4 15
wall 56 184 33 16 4 15
wall 76 184 33 16 4 15
wall 92 184 33 16 4 15
wall 108 184 33 16 4 15
wall 124 184 33 16 4 15
wall 140 184 33 16 4 15
wall 156 184 33 4 4 15
wall 164 184 33 16 4 15
wall 180 184 33 16 4 15
wall 196 184 33 16 4 15
wall 212 184 33 16 4 15
wall 228 184 33 16 4 15
wall 244 184 33 16 4 15
wall 260 184 33 16 4 15
wall 276 184 33 16 4 15
wall 292 184 33 16 4 15
wall 308 184 33 16 4 15
wall 0 192 33 16 4 15
wall 16 192 33 16 4 15
wall 32 192 33 16 4 15
wall 48 192 33 16 4 15
wall 64 192 33 16 4 15
wall 80 192 33 16 4 15
wall 96 192 33 16 4 15
wall 112 192 33 16 4 15
wall 128 192 33 16 4 15
wall 144 192 33 16 4 15
wall 160 192 33 16 4 15
wall 176 192 33 16 4 15
wall 192 192 33 16 4 15
wall 208 192 33 16 4 15
wall 224 192 33 16 4 15
wall 240 192 33 16 4 15
wall 256 192 33 16 4 15
wall 272 192 33 16 4 15
wall 288 192 33 16 4 15
wall 304 192 33 16 4 15
wall 320 192 33 16 4 15
wall 344 192 33 16 4 15
wall 360 192 33 16 4 15
wall 376 192 33 12 4 15
wall 0 0 33 4 16 15
wall 0 16 33 4 16 15
wall 0 32 33 4 16 15
wall 0 48 33 4 16 15
wall 0 64 33 4 16 15
wall 0 80 33 4 12 15
wall 0 104 33 4 16 15
wall 0 120 33 4 16 15
wall 0 136 33 4 16 15
wall 0 152 33 4 16 15
wall 0 168 33 4 16 15
wall 0 184 33 4 12 15
wall 24 0 33 4 16 15
wall 24 16 33 4 16 15
wall 24 32 33 4 16 15
wall 24 48 33 4 16 15
wall 24 64 33 4 16 15
wall 24 80 33 4 12 15
wall 24 104 33 4 16 15
wall 24 120 33 4 16 15
wall 24 136 33 4 16 15
wall 24 152 33 4 16 15
wall 24 168 33 4 16 15
wall 24 184 33 4 4 15
wall 64 8 33 4 16 15
wall 64 24 33 4 16 15
wall 64 40 33 4 16 15
wall 64 56 33 4 16 15
wall 64 72 33 4 16 15
wall 64 88 33 4 4 15
wall 120 104 33 4 16 15
wall 120 120 33 4 16 15
wall 120 136 33 4 16 15
wall 120 152 33 4 16 15
wall 120 168 33 4 16 15
wall 120 184 33 4 4 15
wall 184 8 33 4 16 15
wall 184 24 33 4 8 15
wall 184 40 33 4 16 15
wall 184 56 33 4 16 15
wall 184 72 33 4 16 15
wall 184 88 33 4 4 15
wall 200 8 33 4 16 15
wall 200 24 33 4 16 15
wall 200 40 33 4 16 15
wall 200 56 33 4 16 15
wall 200 72 33 4 16 15
wall 200 88 33 4 4 15
wall 200 104 33 4 16 15
wall 200 120 33 4 16 15
wall 200 136 33 4 16 15
wall 200 152 33 4 16 15
wall 200 168 33 4 16 15
wall 200 184 33 4 4 15
wall 264 104 33 4 16 15
wall 264 120 33 4 16 15
wall 264 136 33 4 16 15
wall 264 152 33 4 16 15
wall 264 168 33 4 16 15
wall 264 184 33 4 4 15
wall 280 8 33 4 16 15
wall 280 24 33 4 16 15
wall 280 40 33 4 16 15
wall 280 56 33 4 16 15
wall 280 72 33 4 16 15
wall 280 88 33 4 4 15
wall 320 104 33 4 16 15
wall 320 120 33 4 16 15
wall 320 136 33 4 16 15
wall 320 152 33 4 16 15
wall 320 168 33 4 16 15
wall 320 184 33 4 4 15
wall 360 8 33 4 16 15
wall 360 24 33 4 16 15
wall 360 40 33 4 16 15
wall 360 56 33 4 16 15
wall 360 72 33 4 16 15
wall 360 88 33 4 4 15
wall 360 104 33 4 16 15
wall 360 120 33 4 16 15
wall 360 136 33 4 16 15
wall 360 152 33 4 16 15
wall 360 168 33 4 16 15
wall 360 184 33 4 12 15
wall 384 0 33 4 16 15
wall 384 16 33 4 16 15
wall 384 32 33 4 16 15
wall 384 48 33 4 16 15
wall 384 64 33 4 16 15
wall 384 80 33 4 12 15
wall 384 104 33 4 16 15
wall 384 120 33 4 16 15
wall 384 136 33 4 16 15
wall 384 152 33 4 16 15
wall 384 168 33 4 16 15
wall 384 184 33 4 12 15
door 40 0 33 8 4 15
door 64 4 33 4 4 15
door 360 4 33 4 4 15
door 124 8 33 4 4 15
door 192 8 33 4 4 15
door 240 8 33 4 4 15
door 320 8 33 4 4 15
door 184 32 33 4 8 15
door 40 48 33 8 4 15
door 12 80 33 4 4 15
door 372 80 33 4 4 15
door 40 88 33 8 4 15
door 124 88 33 8 4 15
door 188 88 33 12 4 15
door 240 88 33 8 4 15
door 320 88 33 8 4 15
door 0 92 33 4 12 15
door 24 92 33 4 12 15
door 360 92 33 4 12 15
door 384 92 33 4 12 15
door 72 104 33 8 4 15
door 160 104 33 8 4 15
door 232 104 33 8 4 15
door 292 104 33 8 4 15
door 336 104 33 8 4 15
door 12 112 33 4 4 15
door 372 112 33 4 4 15
door 336 144 33 8 4 15
door 72 184 33 4 4 15
door 160 184 33 4 4 15
door 24 188 33 4 4 15
door 320 188 33 4 4 15
door 336 192 33 8 4 15
wedge 28 52 33 4 4 4
wedge 32 52 33 4 4 4
wedge 28 56 37 4 4 4
wedge 32 56 37 4 4 4
wedge 56 52 33 4 4 4
wedge 60 52 33 4 4 4
wedge 56 56 37 4 4 4
wedge 60 56 37 4 4 4
wedge 324 108 33 4 4 4
wedge 328 108 33 4 4 4
wedge 324 112 37 4 4 4
wedge 328 112 37 4 4 4
wedge 352 108 33 4 4 4
wedge 356 108 33 4 4 4
wedge 352 112 37 4 4 4
wedge 356 112 37 4 4 4
wall 0 0 49 16 4 15
wall 16 0 49 16 4 15
wall 32 0 49 8 4 15
wall 48 0 49 16 4 15
wall 64 0 49 16 4 15
wall 80 0 49 16 4 15
wall 96 0 49 16 4 15
wall 112 0 49 16 4 15
wall 128 0 49 16 4 15
wall 144 0 49 16 4 15
wall 160 0 49 16 4 15
wall 176 0 49 16 4 15
wall 192 0 49 16 4 15
wall 208 0 49 16 4 15
wall 224 0 49 16 4 15
wall 240 0 49 16 4 15
wall 256 0 49 16 4 15
wall 272 0 49 16 4 15
wall 288 0 49 16 4 15
wall 304 0 49 16 4 15
wall 320 0 49 16 4 15
wall 336 0 49 16 4 15
wall 352 0 49 16 4 15
wall 368 0 49 16 4 15
wall 384 0 49 4 4 15
wall 64 8 49 16 4 15
wall 80 8 49 16 4 15
wall 96 8 49 16 4 15
wall 112 8 49 16 4 15
wall 128 8 49 16 4 15
wall 144 8 49 16 4 15
wall 160 8 49 16 4 15
wall 176 8 49 16 4 15
wall 196 8 49 16 4 15
wall 212 8 49 16 4 15
wall 228 8 49 16 4 15
wall 244 8 49 16 4 15
wall 260 8 49 16 4 15
wall 276 8 49 16 4 15
wall 292 8 49 16 4 15
wall 308 8 49 16 4 15
wall 324 8 49 16 4 15
wall 340 8 49 16 4 15
wall 356 8 49 8 4 15
wall 288 24 49 8 4 15
wall 300 24 49 8 4 15
wall 312 24 49 16 4 15
wall 328 24 49 4 4 15
wall 336 24 49 8 4 15
wall 348 24 49 16 4 15
wall 212 28 49 8 4 15
wall 228 28 49 8 4 15
wall 244 28 49 8 4 15
wall 260 28 49 8 4 15
wall 276 28 49 8 4 15
wall 288 32 49 8 4 15
wall 300 32 49 8 4 15
wall 312 32 49 8 4 15
wall 336 32 49 8 4 15
wall 348 32 49 16 4 15
wall 24 48 49 16 4 15
wall 48 48 49 16 4 15
wall 64 48 49 4 4 15
wall 280 48 49 16 4 15
wall 296 48 49 16 4 15
wall 312 48 49 8 4 15
wall 328 48 49 16 4 15
wall 344 48 49 12 4 15
wall 288 64 49 8 4 15
wall 300 64 49 8 4 15
wall 312 64 49 8 4 15
wall 336 64 49 8 4 15
wall 348 64 49 16 4 15
wall 184 68 49 16 4 15
wall 200 68 49 4 4 15
wall 280 72 49 16 4 15
wall 304 72 49 16 4 15
wall 336 72 49 8 4 15
wall 348 72 49 16 4 15
wall 312 76 49 8 4 15
wall 0 80 49 12 4 15
wall 16 80 49 12 4 15
wall 312 80 49 8 4 15
wall 360 80 49 12 4 15
wall 376 80 49 12 4 15
wall 312 84 49 8 4 15
wall 24 88 49 16 4 15
wall 48 88 49 16 4 15
wall 64 88 49 16 4 15
wall 80 88 49 12 4 15
wall 100 88 49 16 4 15
wall 116 88 49 16 4 15
wall 132 88 49 16 4 15
wall 148 88 49 4 4 15
wall 160 88 49 16 4 15
wall 176 88 49 12 4 15
wall 200 88 49 16 4 15
wall 216 88 49 16 4 15
wall 232 88 49 8 4 15
wall 248 88 49 16 4 15
wall 264 88 49 16 4 15
wall 280 88 49 16 4 15
wall 296 88 49 16 4 15
wall 312 88 49 8 4 15
wall 328 88 49 16 4 15
wall 344 88 49 16 4 15
wall 360 88 49 4 4 15
wall 24 104 49 16 4 15
wall 40 104 49 16 4 15
wall 56 104 49 16 4 15
wall 80 104 49 16 4 15
wall 96 104 49 16 4 15
wall 112 104 49 16 4 15
wall 128 104 49 16 4 15
wall 144 104 49 8 4 15
wall 160 104 49 16 4 15
wall 176 104 49 16 4 15
wall 192 104 49 16 4 15
wall 208 104 49 8 4 15
wall 224 104 49 16 4 15
wall 240 104 49 16 4 15
wall 256 104 49 16 4 15
wall 272 104 49 12 4 15
wall 292 104 49 16 4 15
wall 308 104 49 16 4 15
wall 324 104 49 12 4 15
wall 344 104 49 16 4 15
wall 360 104 49 4 4 15
wall 0 112 49 12 4 15
wall 16 112 49 12 4 15
wall 360 112 49 12 4 15
wall 376 112 49 12 4 15
wall 320 144 49 16 4 15
wall 344 144 49 16 4 15
wall 360 144 49 4 4 15
wall 24 184 49 16 4 15
wall 40 184 49 16 4 15
wall 56 184 49 4 4 15
wall 92 184 49 16 4 15
wall 108 184 49 16 4 15
wall 124 184 49 16 4 15
wall 140 184 49 16 4 15
wall 156 184 49 16 4 15
wall 172 184 49 16 4 15
wall 188 184 49 16 4 15
wall 204 184 49 16 4 15
wall 220 184 49 16 4 15
wall 236 184 49 16 4 15
wall 252 184 49 16 4 15
wall 268 184 49 16 4 15
wall 284 184 49 16 4 15
wall 300 184 49 16 4 15
wall 316 184 49 8 4 15
wall 0 192 49 16 4 15
wall 16 192 49 16 4 15
wall 32 192 49 16 4 15
wall 48 192 49 12 4 15
wall 92 192 49 16 4 15
wall 108 192 49 16 4 15
wall 124 192 49 16 4 15
wall 140 192 49 16 4 15
wall 156 192 49 16 4 15
wall 172 192 49 16 4 15
wall 188 192 49 16 4 15
wall 204 192 49 16 4 15
wall 220 192 49 16 4 15
wall 236 192 49 16 4 15
wall 252 192 49 16 4 15
wall 268 192 49 16 4 15
wall 284 192 49 16 4 15
wall 300 192 49 16 4 15
wall 316 192 49 16 4 15
wall 332 192 49 4 4 15
wall 344 192 49 16 4 15
wall 360 192 49 16 4 15
wall 376 192 49 12 4 15
wall 0 0 49 4 16 15
wall 0 16 49 4 16 15
wall 0 32 49 4 16 15
wall 0 48 49 4 16 15
wall 0 64 49 4 16 15
wall 0 80 49 4 12 15
wall 0 104 49 4 16 15
wall 0 120 49 4 16 15
wall 0 136 49 4 16 15
wall 0 152 49 4 16 15
wall 0 168 49 4 16 15
wall 0 184 49 4 12 15
wall 24 0 49 4 16 15
wall 24 16 49 4 16 15
wall 24 32 49 4 16 15
wall 24 48 49 4 16 15
wall 24 64 49 4 16 15
wall 24 80 49 4 12 15
wall 24 104 49 4 16 15
wall 24 120 49 4 16 15
wall 24 136 49 4 16 15
wall 24 152 49 4 16 15
wall 24 168 49 4 16 15
wall 24 184 49 4 4 15
wall 64 8 49 4 16 15
wall 64 24 49 4 16 15
wall 64 40 49 4 16 15
wall 64 56 49 4 16 15
wall 64 72 49 4 16 15
wall 64 88 49 4 4 15
wall 120 8 49 4 16 15
wall 120 24 49 4 16 15
wall 120 40 49 4 16 15
wall 120 56 49 4 16 15
wall 120 72 49 4 16 15
wall 120 88 49 4 4 15
wall 120 104 49 4 16 15
wall 120 120 49 4 16 15
wall 120 136 49 4 16 15
wall 120 152 49 4 16 15
wall 120 168 49 4 16 15
wall 120 184 49 4 4 15
wall 184 8 49 4 16 15
wall 184 24 49 4 8 15
wall 184 40 49 4 16 15
wall 184 56 49 4 16 15
wall 184 72 49 4 16 15
wall 184 88 49 4 4 15
wall 184 104 49 4 16 15
wall 184 120 49 4 16 15
wall 184 136 49 4 16 15
wall 184 152 49 4 16 15
wall 184 168 49 4 16 15
wall 184 184 49 4 4 15
wall 200 8 49 4 16 15
wall 200 24 49 4 16 15
wall 200 40 49 4 16 15
wall 200 56 49 4 16 15
wall 200 72 49 4 16 15
wall 200 88 49 4 4 15
wall 216 8 49 4 16 15
wall 216 24 49 4 8 15
wall 232 8 49 4 16 15
wall 232 24 49 4 8 15
wall 248 8 49 4 16 15
wall 248 24 49 4 8 15
wall 248 104 49 4 16 15
wall 248 120 49 4 16 15
wall 248 136 49 4 16 15
wall 248 152 49 4 16 15
wall 248 168 49 4 16 15
wall 248 184 49 4 4 15
wall 264 8 49 4 16 15
wall 264 24 49 4 8 15
wall 280 8 49 4 16 15
wall 280 24 49 4 16 15
wall 280 40 49 4 16 15
wall 280 56 49 4 16 15
wall 280 72 49 4 16 15
wall 280 88 49 4 4 15
wall 292 8 49 4 16 15
wall 292 24 49 4 4 15
wall 292 32 49 4 16 15
wall 292 48 49 4 16 15
wall 292 64 49 4 4 15
wall 304 8 49 4 16 15
wall 304 24 49 4 4 15
wall 304 32 49 4 16 15
wall 304 48 49 4 16 15
wall 304 64 49 4 4 15
wall 312 72 49 4 16 15
wall 312 88 49 4 4 15
wall 316 8 49 4 16 15
wall 316 24 49 4 4 15
wall 316 32 49 4 16 15
wall 316 48 49 4 16 15
wall 316 64 49 4 4 15
wall 316 72 49 4 16 15
wall 316 88 49 4 4 15
wall 320 104 49 4 16 15
wall 320 120 49 4 16 15
wall 320 136 49 4 16 15
wall 320 152 49 4 16 15
wall 320 168 49 4 16 15
wall 320 184 49 4 4 15
wall 328 8 49 4 16 15
wall 328 24 49 4 4 15
wall 328 32 49 4 16 15
wall 328 48 49 4 16 15
wall 328 64 49 4 4 15
wall 328 72 49 4 16 15
wall 328 88 49 4 4 15
wall 340 8 49 4 16 15
wall 340 24 49 4 4 15
wall 340 32 49 4 16 15
wall 340 48 49 4 16 15
wall 340 64 49 4 4 15
wall 340 72 49 4 16 15
wall 340 88 49 4 4 15
wall 352 8 49 4 16 15
wall 352 24 49 4 4 15
wall 352 32 49 4 16 15
wall 352 48 49 4 16 15
wall 352 64 49 4 4 15
wall 352 72 49 4 16 15
wall 352 88 49 4 4 15
wall 360 8 49 4 16 15
wall 360 24 49 4 16 15
wall 360 40 49 4 16 15
wall 360 56 49 4 16 15
wall 360 72 49 4 16 15
wall 360 88 49 4 4 15
wall 360 104 49 4 16 15
wall 360 120 49 4 16 15
wall 360 136 49 4 16 15
wall 360 152 49 4 16 15
wall 360 168 49 4 16 15
wall 360 184 49 4 12 15
wall 384 0 49 4 16 15
wall 384 16 49 4 16 15
wall 384 32 49 4 16 15
wall 384 48 49 4 16 15
wall 384 64 49 4 16 15
wall 384 80 49 4 12 15
wall 384 104 49 4 16 15
wall 384 120 49 4 16 15
wall 384 136 49 4 16 15
wall 384 152 49 4 16 15
wall 384 168 49 4 16 15
wall 384 184 49 4 12 15
door 40 0 49 8 4 15
door 64 4 49 4 4 15
door 360 4 49 4 4 15
door 192 8 49 4 4 15
door 284 24 49 4 4 15
door 296 24 49 4 4 15
door 308 24 49 4 4 15
door 332 24 49 4 4 15
door 344 24 49 4 4 15
door 204 28 49 8 4 15
door 220 28 49 8 4 15
door 236 28 49 8 4 15
door 252 28 49 8 4 15
door 268 28 49 8 4 15
door 184 32 49 4 8 15
door 284 32 49 4 4 15
door 296 32 49 4 4 15
door 308 32 49 4 4 15
door 332 32 49 4 4 15
door 344 32 49 4 4 15
door 40 48 49 8 4 15
door 284 64 49 4 4 15
door 296 64 49 4 4 15
door 308 64 49 4 4 15
door 332 64 49 4 4 15
door 344 64 49 4 4 15
door 296 72 49 8 4 15
door 332 72 49 4 4 15
door 344 72 49 4 4 15
door 12 80 49 4 4 15
door 372 80 49 4 4 15
door 40 88 49 8 4 15
door 92 88 49 8 4 15
door 152 88 49 8 4 15
door 188 88 49 12 4 15
door 240 88 49 8 4 15
door 320 88 49 8 4 15
door 0 92 49 4 12 15
door 24 92 49 4 12 15
door 360 92 49 4 12 15
door 384 92 49 4 12 15
door 72 104 49 8 4 15
door 152 104 49 8 4 15
door 216 104 49 8 4 15
door 284 104 49 8 4 15
door 336 104 49 8 4 15
door 12 112 49 4 4 15
door 372 112 49 4 4 15
door 336 144 49 8 4 15
door 24 188 49 4 4 15
door 320 188 49 4 4 15
door 60 192 49 32 4 15
door 336 192 49 8 4 15
wedge 28 52 49 4 4 4
wedge 32 52 49 4 4 4
wedge 28 56 53 4 4 4
wedge 32 56 53 4 4 4
wedge 56 52 49 4 4 4
wedge 60 52 49 4 4 4
wedge 56 56 53 4 4 4
wedge 60 56 53 4 4 4
wedge 324 108 49 4 4 4
wedge 328 108 49 4 4 4
wedge 324 112 53 4 4 4
wedge 328 112 53 4 4 4
wedge 352 108 49 4 4 4
wedge 356 108 49 4 4 4
wedge 352 112 53 4 4 4
wedge 356 112 53 4 4 4
wall 0 0 65 16 4 15
wall 16 0 65 16 4 15
wall 32 0 65 8 4 15
wall 48 0 65 16 4 15
wall 64 0 65 16 4 15
wall 80 0 65 16 4 15
wall 96 0 65 16 4 15
wall 112 0 65 16 4 15
wall 128 0 65 16 4 15
wall 144 0 65 16 4 15
wall 160 0 65 16 4 15
wall 176 0 65 16 4 15
wall 192 0 65 16 4 15
wall 208 0 65 16 4 15
wall 224 0 65 16 4 15
wall 240 0 65 16 4 15
wall 256 0 65 16 4 15
wall 272 0 65 16 4 15
wall 288 0 65 16 4 15
wall 304 0 65 16 4 15
wall 320 0 65 16 4 15
wall 336 0 65 16 4 15
wall 352 0 65 16 4 15
wall 368 0 65 16 4 15
wall 384 0 65 4 4 15
wall 64 8 65 16 4 15
wall 80 8 65 16 4 15
wall 96 8 65 16 4 15
wall 112 8 65 16 4 15
wall 128 8 65 16 4 15
wall 144 8 65 16 4 15
wall 160 8 65 16 4 15
wall 176 8 65 16 4 15
wall 196 8 65 16 4 15
wall 212 8 65 16 4 15
wall 228 8 65 16 4 15
wall 244 8 65 16 4 15
wall 260 8 65 16 4 15
wall 276 8 65 16 4 15
wall 292 8 65 16 4 15
wall 308 8 65 16 4 15
wall 324 8 65 16 4 15
wall 340 8 65 16 4 15
wall 356 8 65 8 4 15
wall 356 12 65 8 4 15
wall 356 16 65 8 4 15
wall 356 20 65 8 4 15
wall 72 24 65 8 4 15
wall 84 24 65 8 4 15
wall 96 24 65 8 4 15
wall 108 24 65 16 4 15
wall 124 24 65 4 4 15
wall 132 24 65 8 4 15
wall 144 24 65 8 4 15
wall 156 24 65 8 4 15
wall 168 24 65 8 4 15
wall 180 24 65 8 4 15
wall 208 24 65 8 4 15
wall 220 24 65 8 4 15
wall 232 24 65 8 4 15
wall 244 24 65 8 4 15
wall 256 24 65 8 4 15
wall 268 24 65 16 4 15
wall 284 24 65 4 4 15
wall 292 24 65 8 4 15
wall 304 24 65 8 4 15
wall 316 24 65 8 4 15
wall 328 24 65 8 4 15
wall 340 24 65 8 4 15
wall 352 24 65 12 4 15
wall 64 32 65 12 4 15
wall 84 32 65 8 4 15
wall 96 32 65 8 4 15
wall 108 32 65 8 4 15
wall 132 32 65 8 4 15
wall 144 32 65 8 4 15
wall 156 32 65 8 4 15
wall 168 32 65 8 4 15
wall 200 32 65 12 4 15
wall 220 32 65 8 4 15
wall 232 32 65 8 4 15
wall 244 32 65 8 4 15
wall 256 32 65 8 4 15
wall 268 32 65 8 4 15
wall 292 32 65 8 4 15
wall 304 32 65 8 4 15
wall 316 32 65 8 4 15
wall 328 32 65 8 4 15
wall 340 32 65 8 4 15
wall 352 32 65 12 4 15
wall 356 36 65 8 4 15
wall 356 40 65 8 4 15
wall 356 44 65 8 4 15
wall 24 48 65 16 4 15
wall 48 48 65 16 4 15
wall 64 48 65 16 4 15
wall 80 48 65 16 4 15
wall 96 48 65 16 4 15
wall 112 48 65 4 4 15
wall 124 48 65 16 4 15
wall 140 48 65 16 4 15
wall 156 48 65 16 4 15
wall 172 48 65 16 4 15
wall 200 48 65 16 4 15
wall 216 48 65 16 4 15
wall 232 48 65 16 4 15
wall 248 48 65 16 4 15
wall 264 48 65 12 4 15
wall 284 48 65 16 4 15
wall 300 48 65 16 4 15
wall 316 48 65 16 4 15
wall 332 48 65 16 4 15
wall 348 48 65 16 4 15
wall 356 52 65 8 4 15
wall 356 56 65 8 4 15
wall 356 60 65 8 4 15
wall 72 64 65 8 4 15
wall 84 64 65 8 4 15
wall 96 64 65 8 4 15
wall 108 64 65 8 4 15
wall 132 64 65 8 4 15
wall 144 64 65 8 4 15
wall 156 64 65 8 4 15
wall 168 64 65 8 4 15
wall 180 64 65 8 4 15
wall 200 64 65 12 4 15
wall 220 64 65 8 4 15
wall 232 64 65 8 4 15
wall 244 64 65 8 4 15
wall 256 64 65 8 4 15
wall 268 64 65 8 4 15
wall 292 64 65 8 4 15
wall 304 64 65 8 4 15
wall 316 64 65 8 4 15
wall 328 64 65 8 4 15
wall 340 64 65 8 4 15
wall 352 64 65 12 4 15
wall 184 68 65 16 4 15
wall 200 68 65 4 4 15
wall 64 72 65 16 4 15
wall 80 72 65 8 4 15
wall 96 72 65 16 4 15
wall 112 72 65 4 4 15
wall 132 72 65 8 4 15
wall 144 72 65 8 4 15
wall 156 72 65 8 4 15
wall 168 72 65 8 4 15
wall 180 72 65 8 4 15
wall 208 72 65 8 4 15
wall 220 72 65 8 4 15
wall 232 72 65 8 4 15
wall 244 72 65 8 4 15
wall 256 72 65 8 4 15
wall 268 72 65 8 4 15
wall 292 72 65 16 4 15
wall 308 72 65 16 4 15
wall 324 72 65 8 4 15
wall 340 72 65 16 4 15
wall 356 72 65 8 4 15
wall 0 80 65 12 4 15
wall 16 80 65 12 4 15
wall 360 80 65 12 4 15
wall 376 80 65 12 4 15
wall 24 88 65 16 4 15
wall 48 88 65 16 4 15
wall 64 88 65 16 4 15
wall 80 88 65 16 4 15
wall 96 88 65 16 4 15
wall 112 88 65 4 4 15
wall 124 88 65 16 4 15
wall 140 88 65 16 4 15
wall 156 88 65 16 4 15
wall 172 88 65 16 4 15
wall 200 88 65 16 4 15
wall 216 88 65 16 4 15
wall 232 88 65 16 4 15
wall 248 88 65 16 4 15
wall 264 88 65 12 4 15
wall 284 88 65 16 4 15
wall 300 88 65 16 4 15
wall 316 88 65 16 4 15
wall 332 88 65 16 4 15
wall 348 88 65 16 4 15
wall 24 104 65 16 4 15
wall 40 104 65 16 4 15
wall 56 104 65 16 4 15
wall 72 104 65 16 4 15
wall 88 104 65 12 4 15
wall 108 104 65 16 4 15
wall 124 104 65 16 4 15
wall 140 104 65 16 4 15
wall 156 104 65 16 4 15
wall 172 104 65 16 4 15
wall 188 104 65 16 4 15
wall 204 104 65 16 4 15
wall 220 104 65 12 4 15
wall 240 104 65 16 4 15
wall 256 104 65 16 4 15
wall 272 104 65 16 4 15
wall 288 104 65 4 4 15
wall 300 104 65 16 4 15
wall 316 104 65 16 4 15
wall 332 104 65 4 4 15
wall 344 104 65 16 4 15
wall 360 104 65 4 4 15
wall 0 112 65 12 4 15
wall 16 112 65 12 4 15
wall 360 112 65 12 4 15
wall 376 112 65 12 4 15
wall 32 120 65 8 4 15
wall 44 120 65 8 4 15
wall 56 120 65 8 4 15
wall 68 120 65 8 4 15
wall 80 120 65 8 4 15
wall 92 120 65 8 4 15
wall 116 120 65 8 4 15
wall 128 120 65 8 4 15
wall 140 120 65 8 4 15
wall 152 120 65 8 4 15
wall 164 120 65 8 4 15
wall 176 120 65 8 4 15
wall 188 120 65 16 4 15
wall 32 128 65 8 4 15
wall 44 128 65 8 4 15
wall 56 128 65 8 4 15
wall 68 128 65 8 4 15
wall 80 128 65 8 4 15
wall 92 128 65 8 4 15
wall 116 128 65 8 4 15
wall 128 128 65 8 4 15
wall 140 128 65 8 4 15
wall 152 128 65 8 4 15
wall 164 128 65 16 4 15
wall 180 128 65 8 4 15
wall 196 128 65 8 4 15
wall 24 144 65 16 4 15
wall 40 144 65 16 4 15
wall 56 144 65 16 4 15
wall 72 144 65 16 4 15
wall 88 144 65 12 4 15
wall 108 144 65 16 4 15
wall 124 144 65 16 4 15
wall 140 144 65 16 4 15
wall 156 144 65 16 4 15
wall 172 144 65 16 4 15
wall 188 144 65 16 4 15
wall 320 144 65 16 4 15
wall 344 144 65 16 4 15
wall 360 144 65 4 4 15
wall 32 160 65 8 4 15
wall 44 160 65 8 4 15
wall 56 160 65 8 4 15
wall 68 160 65 8 4 15
wall 80 160 65 8 4 15
wall 92 160 65 8 4 15
wall 116 160 65 8 4 15
wall 128 160 65 8 4 15
wall 140 160 65 8 4 15
wall 152 160 65 8 4 15
wall 164 160 65 8 4 15
wall 176 160 65 8 4 15
wall 188 160 65 16 4 15
wall 24 168 65 16 4 15
wall 40 168 65 8 4 15
wall 56 168 65 16 4 15
wall 72 168 65 4 4 15
wall 80 168 65 8 4 15
wall 92 168 65 16 4 15
wall 108 168 65 4 4 15
wall 116 168 65 8 4 15
wall 128 168 65 8 4 15
wall 140 168 65 8 4 15
wall 152 168 65 8 4 15
wall 164 168 65 8 4 15
wall 176 168 65 8 4 15
wall 188 168 65 16 4 15
wall 24 184 65 16 4 15
wall 40 184 65 16 4 15
wall 56 184 65 16 4 15
wall 72 184 65 16 4 15
wall 88 184 65 16 4 15
wall 104 184 65 16 4 15
wall 120 184 65 16 4 15
wall 136 184 65 16 4 15
wall 152 184 65 16 4 15
wall 168 184 65 16 4 15
wall 184 184 65 16 4 15
wall 200 184 65 16 4 15
wall 216 184 65 16 4 15
wall 232 184 65 16 4 15
wall 248 184 65 16 4 15
wall 264 184 65 16 4 15
wall 280 184 65 12 4 15
wall 296 184 65 16 4 15
wall 312 184 65 12 4 15
wall 0 192 65 16 4 15
wall 16 192 65 16 4 15
wall 32 192 65 16 4 15
wall 48 192 65 16 4 15
wall 64 192 65 16 4 15
wall 80 192 65 16 4 15
wall 96 192 65 16 4 15
wall 112 192 65 16 4 15
wall 128 192 65 16 4 15
wall 144 192 65 16 4 15
wall 160 192 65 16 4 15
wall 176 192 65 16 4 15
wall 192 192 65 16 4 15
wall 208 192 65 16 4 15
wall 224 192 65 16 4 15
wall 240 192 65 16 4 15
wall 256 192 65 16 4 15
wall 272 192 65 16 4 15
wall 288 192 65 16 4 15
wall 304 192 65 16 4 15
wall 320 192 65 16 4 15
wall 344 192 65 16 4 15
wall 360 192 65 16 4 15
wall 376 192 65 12 4 15
wall 0 0 65 4 16 15
wall 0 16 65 4 16 15
wall 0 32 65 4 16 15
wall 0 48 65 4 16 15
wall 0 64 65 4 16 15
wall 0 80 65 4 12 15
wall 0 104 65 4 16 15
wall 0 120 65 4 16 15
wall 0 136 65 4 16 15
wall 0 152 65 4 16 15
wall 0 168 65 4 16 15
wall 0 184 65 4 12 15
wall 24 0 65 4 16 15
wall 24 16 65 4 16 15
wall 24 32 65 4 16 15
wall 24 48 65 4 16 15
wall 24 64 65 4 16 15
wall 24 80 65 4 12 15
wall 24 104 65 4 16 15
wall 24 120 65 4 16 15
wall 24 136 65 4 16 15
wall 24 152 65 4 16 15
wall 24 168 65 4 16 15
wall 24 184 65 4 4 15
wall 36 104 65 4 16 15
wall 36 120 65 4 4 15
wall 36 128 65 4 16 15
wall 36 144 65 4 16 15
wall 36 160 65 4 4 15
wall 48 104 65 4 16 15
wall 48 120 65 4 4 15
wall 48 128 65 4 16 15
wall 48 144 65 4 16 15
wall 48 160 65 4 4 15
wall 60 104 65 4 16 15
wall 60 120 65 4 4 15
wall 60 128 65 4 16 15
wall 60 144 65 4 16 15
wall 60 160 65 4 4 15
wall 64 8 65 4 16 15
wall 64 24 65 4 16 15
wall 64 40 65 4 16 15
wall 64 56 65 4 16 15
wall 64 72 65 4 16 15
wall 64 88 65 4 4 15
wall 72 104 65 4 16 15
wall 72 120 65 4 4 15
wall 72 128 65 4 16 15
wall 72 144 65 4 16 15
wall 72 160 65 4 4 15
wall 72 168 65 4 16 15
wall 72 184 65 4 4 15
wall 76 8 65 4 16 15
wall 76 24 65 4 4 15
wall 76 48 65 4 16 15
wall 76 64 65 4 4 15
wall 84 104 65 4 16 15
wall 84 120 65 4 4 15
wall 84 128 65 4 16 15
wall 84 144 65 4 16 15
wall 84 160 65 4 4 15
wall 84 168 65 4 16 15
wall 84 184 65 4 4 15
wall 88 8 65 4 16 15
wall 88 24 65 4 4 15
wall 88 32 65 4 16 15
wall 88 48 65 4 16 15
wall 88 64 65 4 4 15
wall 96 104 65 4 16 15
wall 96 120 65 4 4 15
wall 96 128 65 4 16 15
wall 96 144 65 4 16 15
wall 96 160 65 4 4 15
wall 96 168 65 4 16 15
wall 96 184 65 4 4 15
wall 100 8 65 4 16 15
wall 100 24 65 4 4 15
wall 100 32 65 4 16 15
wall 100 48 65 4 16 15
wall 100 64 65 4 4 15
wall 108 104 65 4 16 15
wall 108 120 65 4 4 15
wall 108 128 65 4 16 15
wall 108 144 65 4 16 15
wall 108 160 65 4 4 15
wall 108 168 65 4 16 15
wall 108 184 65 4 4 15
wall 112 8 65 4 16 15
wall 112 24 65 4 4 15
wall 112 32 65 4 16 15
wall 112 48 65 4 16 15
wall 112 64 65 4 4 15
wall 112 72 65 4 16 15
wall 112 88 65 4 4 15
wall 120 104 65 4 16 15
wall 120 120 65 4 4 15
wall 120 128 65 4 16 15
wall 120 144 65 4 16 15
wall 120 160 65 4 4 15
wall 120 168 65 4 16 15
wall 120 184 65 4 4 15
wall 124 8 65 4 16 15
wall 124 24 65 4 4 15
wall 124 32 65 4 16 15
wall 124 48 65 4 16 15
wall 124 64 65 4 4 15
wall 124 72 65 4 16 15
wall 124 88 65 4 4 15
wall 132 104 65 4 16 15
wall 132 120 65 4 4 15
wall 132 128 65 4 16 15
wall 132 144 65 4 16 15
wall 132 160 65 4 4 15
wall 132 168 65 4 16 15
wall 132 184 65 4 4 15
wall 136 8 65 4 16 15
wall 136 24 65 4 4 15
wall 136 32 65 4 16 15
wall 136 48 65 4 16 15
wall 136 64 65 4 4 15
wall 136 72 65 4 16 15
wall 136 88 65 4 4 15
wall 144 104 65 4 16 15
wall 144 120 65 4 4 15
wall 144 128 65 4 16 15
wall 144 144 65 4 16 15
wall 144 160 65 4 4 15
wall 144 168 65 4 16 15
wall 144 184 65 4 4 15
wall 148 8 65 4 16 15
wall 148 24 65 4 4 15
wall 148 32 65 4 16 15
wall 148 48 65 4 16 15
wall 148 64 65 4 4 15
wall 148 72 65 4 16 15
wall 148 88 65 4 4 15
wall 156 104 65 4 16 15
wall 156 120 65 4 4 15
wall 156 128 65 4 16 15
wall 156 144 65 4 16 15
wall 156 160 65 4 4 15
wall 156 168 65 4 16 15
wall 156 184 65 4 4 15
wall 160 8 65 4 16 15
wall 160 24 65 4 4 15
wall 160 32 65 4 16 15
wall 160 48 65 4 16 15
wall 160 64 65 4 4 15
wall 160 72 65 4 16 15
wall 160 88 65 4 4 15
wall 168 104 65 4 16 15
wall 168 120 65 4 4 15
wall 168 128 65 4 16 15
wall 168 144 65 4 16 15
wall 168 160 65 4 4 15
wall 168 168 65 4 16 15
wall 168 184 65 4 4 15
wall 172 8 65 4 16 15
wall 172 24 65 4 4 15
wall 172 32 65 4 16 15
wall 172 48 65 4 16 15
wall 172 64 65 4 4 15
wall 172 72 65 4 16 15
wall 172 88 65 4 4 15
wall 176 128 65 4 16 15
wall 176 144 65 4 4 15
wall 180 104 65 4 16 15
wall 180 120 65 4 4 15
wall 180 144 65 4 16 15
wall 180 160 65 4 4 15
wall 180 168 65 4 16 15
wall 180 184 65 4 4 15
wall 184 8 65 4 16 15
wall 184 24 65 4 8 15
wall 184 40 65 4 16 15
wall 184 56 65 4 16 15
wall 184 72 65 4 16 15
wall 184 88 65 4 4 15
wall 192 104 65 4 16 15
wall 192 120 65 4 4 15
wall 192 144 65 4 16 15
wall 192 160 65 4 4 15
wall 192 168 65 4 16 15
wall 192 184 65 4 4 15
wall 200 8 65 4 16 15
wall 200 24 65 4 16 15
wall 200 40 65 4 16 15
wall 200 56 65 4 16 15
wall 200 72 65 4 16 15
wall 200 88 65 4 4 15
wall 200 104 65 4 16 15
wall 200 120 65 4 16 15
wall 200 136 65 4 16 15
wall 200 152 65 4 16 15
wall 200 168 65 4 16 15
wall 200 184 65 4 4 15
wall 212 8 65 4 16 15
wall 212 24 65 4 4 15
wall 212 72 65 4 16 15
wall 212 88 65 4 4 15
wall 224 8 65 4 16 15
wall 224 24 65 4 4 15
wall 224 32 65 4 16 15
wall 224 48 65 4 16 15
wall 224 64 65 4 4 15
wall 224 72 65 4 16 15
wall 224 88 65 4 4 15
wall 236 8 65 4 16 15
wall 236 24 65 4 4 15
wall 236 32 65 4 16 15
wall 236 48 65 4 16 15
wall 236 64 65 4 4 15
wall 236 72 65 4 16 15
wall 236 88 65 4 4 15
wall 248 8 65 4 16 15
wall 248 24 65 4 4 15
wall 248 32 65 4 16 15
wall 248 48 65 4 16 15
wall 248 64 65 4 4 15
wall 248 72 65 4 16 15
wall 248 88 65 4 4 15
wall 260 8 65 4 16 15
wall 260 24 65 4 4 15
wall 260 32 65 4 16 15
wall 260 48 65 4 16 15
wall 260 64 65 4 4 15
wall 260 72 65 4 16 15
wall 260 88 65 4 4 15
wall 264 104 65 4 16 15
wall 264 120 65 4 16 15
wall 264 136 65 4 16 15
wall 264 152 65 4 16 15
wall 264 168 65 4 16 15
wall 264 184 65 4 4 15
wall 272 8 65 4 16 15
wall 272 24 65 4 4 15
wall 272 32 65 4 16 15
wall 272 48 65 4 16 15
wall 272 64 65 4 4 15
wall 272 72 65 4 16 15
wall 272 88 65 4 4 15
wall 284 8 65 4 16 15
wall 284 24 65 4 4 15
wall 284 32 65 4 16 15
wall 284 48 65 4 16 15
wall 284 64 65 4 4 15
wall 284 72 65 4 16 15
wall 284 88 65 4 4 15
wall 296 8 65 4 16 15
wall 296 24 65 4 4 15
wall 296 32 65 4 16 15
wall 296 48 65 4 16 15
wall 296 64 65 4 4 15
wall 296 72 65 4 16 15
wall 296 88 65 4 4 15
wall 304 72 65 4 16 15
wall 304 88 65 4 4 15
wall 308 8 65 4 16 15
wall 308 24 65 4 4 15
wall 308 32 65 4 16 15
wall 308 48 65 4 16 15
wall 308 64 65 4 4 15
wall 320 8 65 4 16 15
wall 320 24 65 4 4 15
wall 320 32 65 4 16 15
wall 320 48 65 4 16 15
wall 320 64 65 4 4 15
wall 320 104 65 4 16 15
wall 320 120 65 4 16 15
wall 320 136 65 4 16 15
wall 320 152 65 4 16 15
wall 320 168 65 4 16 15
wall 320 184 65 4 4 15
wall 332 8 65 4 16 15
wall 332 24 65 4 4 15
wall 332 32 65 4 16 15
wall 332 48 65 4 16 15
wall 332 64 65 4 4 15
wall 344 8 65 4 16 15
wall 344 24 65 4 4 15
wall 344 32 65 4 16 15
wall 344 48 65 4 16 15
wall 344 64 65 4 4 15
wall 356 8 65 4 16 15
wall 356 24 65 4 4 15
wall 356 32 65 4 16 15
wall 356 48 65 4 16 15
wall 356 64 65 4 4 15
wall 360 8 65 4 16 15
wall 360 24 65 4 16 15
wall 360 40 65 4 16 15
wall 360 56 65 4 16 15
wall 360 72 65 4 16 15
wall 360 88 65 4 4 15
wall 360 104 65 4 16 15
wall 360 120 65 4 16 15
wall 360 136 65 4 16 15
wall 360 152 65 4 16 15
wall 360 168 65 4 16 15
wall 360 184 65 4 12 15
wall 384 0 65 4 16 15
wall 384 16 65 4 16 15
wall 384 32 65 4 16 15
wall 384 48 65 4 16 15
wall 384 64 65 4 16 15
wall 384 80 65 4 12 15
wall 384 104 65 4 16 15
wall 384 120 65 4 16 15
wall 384 136 65 4 16 15
wall 384 152 65 4 16 15
wall 384 168 65 4 16 15
wall 384 184 65 4 12 15
door 40 0 65 8 4 15
door 64 4 65 4 4 15
door 360 4 65 4 4 15
door 192 8 65 4 4 15
door 68 24 65 4 4 15
door 80 24 65 4 4 15
door 92 24 65 4 4 15
door 104 24 65 4 4 15
door 128 24 65 4 4 15
door 140 24 65 4 4 15
door 152 24 65 4 4 15
door 164 24 65 4 4 15
door 176 24 65 4 4 15
door 204 24 65 4 4 15
door 216 24 65 4 4 15
door 228 24 65 4 4 15
door 240 24 65 4 4 15
door 252 24 65 4 4 15
door 264 24 65 4 4 15
door 288 24 65 4 4 15
door 300 24 65 4 4 15
door 312 24 65 4 4 15
door 324 24 65 4 4 15
door 336 24 65 4 4 15
door 348 24 65 4 4 15
door 76 32 65 8 4 15
door 92 32 65 4 4 15
door 104 32 65 4 4 15
door 128 32 65 4 4 15
door 140 32 65 4 4 15
door 152 32 65 4 4 15
door 164 32 65 4 4 15
door 176 32 65 4 4 15
door 184 32 65 4 8 15
door 212 32 65 8 4 15
door 228 32 65 4 4 15
door 240 32 65 4 4 15
door 252 32 65 4 4 15
door 264 32 65 4 4 15
door 288 32 65 4 4 15
door 300 32 65 4 4 15
door 312 32 65 4 4 15
door 324 32 65 4 4 15
door 336 32 65 4 4 15
door 348 32 65 4 4 15
door 40 48 65 8 4 15
door 68 64 65 4 4 15
door 80 64 65 4 4 15
door 92 64 65 4 4 15
door 104 64 65 4 4 15
door 128 64 65 4 4 15
door 140 64 65 4 4 15
door 152 64 65 4 4 15
door 164 64 65 4 4 15
door 176 64 65 4 4 15
door 212 64 65 8 4 15
door 228 64 65 4 4 15
door 240 64 65 4 4 15
door 252 64 65 4 4 15
door 264 64 65 4 4 15
door 288 64 65 4 4 15
door 300 64 65 4 4 15
door 312 64 65 4 4 15
door 324 64 65 4 4 15
door 336 64 65 4 4 15
door 348 64 65 4 4 15
door 88 72 65 8 4 15
door 128 72 65 4 4 15
door 140 72 65 4 4 15
door 152 72 65 4 4 15
door 164 72 65 4 4 15
door 176 72 65 4 4 15
door 204 72 65 4 4 15
door 216 72 65 4 4 15
door 228 72 65 4 4 15
door 240 72 65 4 4 15
door 252 72 65 4 4 15
door 264 72 65 4 4 15
door 288 72 65 4 4 15
door 332 72 65 8 4 15
door 12 80 65 4 4 15
door 372 80 65 4 4 15
door 40 88 65 8 4 15
door 116 88 65 8 4 15
door 188 88 65 12 4 15
door 276 88 65 8 4 15
door 0 92 65 4 12 15
door 24 92 65 4 12 15
door 360 92 65 4 12 15
door 384 92 65 4 12 15
door 100 104 65 8 4 15
door 232 104 65 8 4 15
door 292 104 65 8 4 15
door 336 104 65 8 4 15
door 12 112 65 4 4 15
door 372 112 65 4 4 15
door 28 120 65 4 4 15
door 40 120 65 4 4 15
door 52 120 65 4 4 15
door 64 120 65 4 4 15
door 76 120 65 4 4 15
door 88 120 65 4 4 15
door 112 120 65 4 4 15
door 124 120 65 4 4 15
door 136 120 65 4 4 15
door 148 120 65 4 4 15
door 160 120 65 4 4 15
door 172 120 65 4 4 15
door 184 120 65 4 4 15
door 28 128 65 4 4 15
door 40 128 65 4 4 15
door 52 128 65 4 4 15
door 64 128 65 4 4 15
door 76 128 65 4 4 15
door 88 128 65 4 4 15
door 112 128 65 4 4 15
door 124 128 65 4 4 15
door 136 128 65 4 4 15
door 148 128 65 4 4 15
door 160 128 65 4 4 15
door 188 128 65 8 4 15
door 336 144 65 8 4 15
door 28 160 65 4 4 15
door 40 160 65 4 4 15
door 52 160 65 4 4 15
door 64 160 65 4 4 15
door 76 160 65 4 4 15
door 88 160 65 4 4 15
door 112 160 65 4 4 15
door 124 160 65 4 4 15
door 136 160 65 4 4 15
door 148 160 65 4 4 15
door 160 160 65 4 4 15
door 172 160 65 4 4 15
door 184 160 65 4 4 15
door 48 168 65 8 4 15
door 76 168 65 4 4 15
door 88 168 65 4 4 15
door 112 168 65 4 4 15
door 124 168 65 4 4 15
door 136 168 65 4 4 15
door 148 168 65 4 4 15
door 160 168 65 4 4 15
door 172 168 65 4 4 15
door 184 168 65 4 4 15
door 292 184 65 4 4 15
door 24 188 65 4 4 15
door 320 188 65 4 4 15
door 336 192 65 8 4 15
wedge 28 52 65 4 4 4
wedge 32 52 65 4 4 4
wedge 28 56 69 4 4 4
wedge 32 56 69 4 4 4
wedge 56 52 65 4 4 4
wedge 60 52 65 4 4 4
wedge 56 56 69 4 4 4
wedge 60 56 69 4 4 4
wedge 324 108 65 4 4 4
wedge 328 108 65 4 4 4
wedge 324 112 69 4 4 4
wedge 328 112 69 4 4 4
wedge 352 108 65 4 4 4
wedge 356 108 65 4 4 4
wedge 352 112 69 4 4 4
wedge 356 112 69 4 4 4
wall 0 0 81 16 4 15
wall 16 0 81 16 4 15
wall 32 0 81 8 4 15
wall 48 0 81 16 4 15
wall 64 0 81 16 4 15
wall 80 0 81 16 4 15
wall 96 0 81 16 4 15
wall 112 0 81 16 4 15
wall 128 0 81 16 4 15
wall 144 0 81 16 4 15
wall 160 0 81 16 4 15
wall 176 0 81 16 4 15
wall 192 0 81 16 4 15
wall 208 0 81 16 4 15
wall 224 0 81 16 4 15
wall 240 0 81 16 4 15
wall 256 0 81 16 4 15
wall 272 0 81 16 4 15
wall 288 0 81 16 4 15
wall 304 0 81 16 4 15
wall 320 0 81 16 4 15
wall 336 0 81 16 4 15
wall 352 0 81 16 4 15
wall 368 0 81 16 4 15
wall 384 0 81 4 4 15
wall 64 8 81 16 4 15
wall 80 8 81 16 4 15
wall 96 8 81 16 4 15
wall 112 8 81 16 4 15
wall 128 8 81 16 4 15
wall 144 8 81 16 4 15
wall 160 8 81 16 4 15
wall 176 8 81 16 4 15
wall 196 8 81 16 4 15
wall 212 8 81 16 4 15
wall 228 8 81 16 4 15
wall 244 8 81 16 4 15
wall 260 8 81 16 4 15
wall 276 8 81 16 4 15
wall 292 8 81 16 4 15
wall 308 8 81 16 4 15
wall 324 8 81 16 4 15
wall 340 8 81 16 4 15
wall 356 8 81 8 4 15
wall 356 12 81 8 4 15
wall 356 16 81 8 4 15
wall 356 20 81 8 4 15
wall 72 24 81 8 4 15
wall 84 24 81 8 4 15
wall 96 24 81 8 4 15
wall 108 24 81 16 4 15
wall 124 24 81 4 4 15
wall 132 24 81 8 4 15
wall 144 24 81 8 4 15
wall 156 24 81 8 4 15
wall 168 24 81 8 4 15
wall 180 24 81 8 4 15
wall 208 24 81 8 4 15
wall 220 24 81 8 4 15
wall 232 24 81 8 4 15
wall 244 24 81 8 4 15
wall 256 24 81 8 4 15
wall 268 24 81 16 4 15
wall 284 24 81 4 4 15
wall 292 24 81 8 4 15
wall 304 24 81 8 4 15
wall 316 24 81 8 4 15
wall 328 24 81 8 4 15
wall 340 24 81 8 4 15
wall 352 24 81 12 4 15
wall 64 32 81 12 4 15
wall 84 32 81 8 4 15
wall 96 32 81 8 4 15
wall 108 32 81 8 4 15
wall 132 32 81 8 4 15
wall 144 32 81 8 4 15
wall 156 32 81 8 4 15
wall 168 32 81 8 4 15
wall 200 32 81 12 4 15
wall 220 32 81 8 4 15
wall 232 32 81 8 4 15
wall 244 32 81 8 4 15
wall 256 32 81 8 4 15
wall 268 32 81 8 4 15
wall 292 32 81 8 4 15
wall 304 32 81 8 4 15
wall 316 32 81 8 4 15
wall 328 32 81 8 4 15
wall 340 32 81 8 4 15
wall 352 32 81 12 4 15
wall 356 36 81 8 4 15
wall 356 40 81 8 4 15
wall 356 44 81 8 4 15
wall 24 48 81 16 4 15
wall 48 48 81 16 4 15
wall 64 48 81 16 4 15
wall 80 48 81 16 4 15
wall 96 48 81 16 4 15
wall 112 48 81 4 4 15
wall 124 48 81 16 4 15
wall 140 48 81 16 4 15
wall 156 48 81 16 4 15
wall 172 48 81 16 4 15
wall 200 48 81 16 4 15
wall 216 48 81 16 4 15
wall 232 48 81 16 4 15
wall 248 48 81 16 4 15
wall 264 48 81 12 4 15
wall 284 48 81 16 4 15
wall 300 48 81 16 4 15
wall 316 48 81 16 4 15
wall 332 48 81 16 4 15
wall 348 48 81 16 4 15
wall 356 52 81 8 4 15
wall 356 56 81 8 4 15
wall 356 60 81 8 4 15
wall 72 64 81 8 4 15
wall 84 64 81 8 4 15
wall 96 64 81 8 4 15
wall 108 64 81 8 4 15
wall 132 64 81 8 4 15
wall 144 64 81 8 4 15
wall 156 64 81 8 4 15
wall 168 64 81 8 4 15
wall 180 64 81 8 4 15
wall 200 64 81 12 4 15
wall 220 64 81 8 4 15
wall 232 64 81 8 4 15
wall 244 64 81 8 4 15
wall 256 64 81 8 4 15
wall 268 64 81 8 4 15
wall 292 64 81 8 4 15
wall 304 64 81 8 4 15
wall 316 64 81 8 4 15
wall 328 64 81 8 4 15
wall 340 64 81 8 4 15
wall 352 64 81 12 4 15
wall 184 68 81 16 4 15
wall 200 68 81 4 4 15
wall 64 72 81 16 4 15
wall 80 72 81 8 4 15
wall 96 72 81 16 4 15
wall 112 72 81 4 4 15
wall 132 72 81 8 4 15
wall 144 72 81 8 4 15
wall 156 72 81 8 4 15
wall 168 72 81 8 4 15
wall 180 72 81 8 4 15
wall 208 72 81 8 4 15
wall 220 72 81 8 4 15
wall 232 72 81 8 4 15
wall 244 72 81 8 4 15
wall 256 72 81 8 4 15
wall 268 72 81 8 4 15
wall 292 72 81 16 4 15
wall 308 72 81 16 4 15
wall 324 72 81 8 4 15
wall 340 72 81 16 4 15
wall 356 72 81 8 4 15
wall 0 80 81 12 4 15
wall 16 80 81 12 4 15
wall 360 80 81 12 4 15
wall 376 80 81 12 4 15
wall 24 88 81 16 4 15
wall 48 88 81 16 4 15
wall 64 88 81 16 4 15
wall 80 88 81 16 4 15
wall 96 88 81 16 4 15
wall 112 88 81 4 4 15
wall 124 88 81 16 4 15
wall 140 88 81 16 4 15
wall 156 88 81 16 4 15
wall 172 88 81 16 4 15
wall 200 88 81 16 4 15
wall 216 88 81 16 4 15
wall 232 88 81 16 4 15
wall 248 88 81 16 4 15
wall 264 88 81 12 4 15
wall 284 88 81 16 4 15
wall 300 88 81 16 4 15
wall 316 88 81 16 4 15
wall 332 88 81 16 4 15
wall 348 88 81 16 4 15
wall 24 104 81 16 4 15
wall 40 104 81 16 4 15
wall 56 104 81 16 4 15
wall 72 104 81 16 4 15
wall 88 104 81 12 4 15
wall 108 104 81 16 4 15
wall 124 104 81 16 4 15
wall 140 104 81 16 4 15
wall 156 104 81 16 4 15
wall 172 104 81 16 4 15
wall 188 104 81 16 4 15
wall 204 104 81 16 4 15
wall 220 104 81 12 4 15
wall 240 104 81 16 4 15
wall 256 104 81 16 4 15
wall 272 104 81 16 4 15
wall 288 104 81 4 4 15
wall 300 104 81 16 4 15
wall 316 104 81 16 4 15
wall 332 104 81 4 4 15
wall 344 104 81 16 4 15
wall 360 104 81 4 4 15
wall 0 112 81 12 4 15
wall 16 112 81 12 4 15
wall 360 112 81 12 4 15
wall 376 112 81 12 4 15
wall 32 120 81 8 4 15
wall 44 120 81 8 4 15
wall 56 120 81 8 4 15
wall 68 120 81 8 4 15
wall 80 120 81 8 4 15
wall 92 120 81 8 4 15
wall 116 120 81 8 4 15
wall 128 120 81 8 4 15
wall 140 120 81 8 4 15
wall 152 120 81 8 4 15
wall 164 120 81 8 4 15
wall 176 120 81 8 4 15
wall 188 120 81 16 4 15
wall 32 128 81 8 4 15
wall 44 128 81 8 4 15
wall 56 128 81 8 4 15
wall 68 128 81 8 4 15
wall 80 128 81 8 4 15
wall 92 128 81 8 4 15
wall 116 128 81 8 4 15
wall 128 128 81 8 4 15
wall 140 128 81 8 4 15
wall 152 128 81 8 4 15
wall 164 128 81 16 4 15
wall 180 128 81 8 4 15
wall 196 128 81 8 4 15
wall 24 144 81 16 4 15
wall 40 144 81 16 4 15
wall 56 144 81 16 4 15
wall 72 144 81 16 4 15
wall 88 144 81 12 4 15
wall 108 144 81 16 4 15
wall 124 144 81 16 4 15
wall 140 144 81 16 4 15
wall 156 144 81 16 4 15
wall 172 144 81 16 4 15
wall 188 144 81 16 4 15
wall 320 144 81 16 4 15
wall 344 144 81 16 4 15
wall 360 144 81 4 4 15
wall 32 160 81 8 4 15
wall 44 160 81 8 4 15
wall 56 160 81 8 4 15
wall 68 160 81 8 4 15
wall 80 160 81 8 4 15
wall 92 160 81 8 4 15
wall 116 160 81 8 4 15
wall 128 160 81 8 4 15
wall 140 160 81 8 4 15
wall 152 160 81 8 4 15
wall 164 160 81 8 4 15
wall 176 160 81 8 4 15
wall 188 160 81 16 4 15
wall 24 168 81 16 4 15
wall 40 168 81 8 4 15
wall 56 168 81 16 4 15
wall 72 168 81 4 4 15
wall 80 168 81 8 4 15
wall 92 168 81 16 4 15
wall 108 168 81 4 4 15
wall 116 168 81 8 4 15
wall 128 168 81 8 4 15
wall 140 168 81 8 4 15
wall 152 168 81 8 4 15
wall 164 168 81 8 4 15
wall 176 168 81 8 4 15
wall 188 168 81 16 4 15
wall 24 184 81 16 4 15
wall 40 184 81 16 4 15
wall 56 184 81 16 4 15
wall 72 184 81 16 4 15
wall 88 184 81 16 4 15
wall 104 184 81 16 4 15
wall 120 184 81 16 4 15
wall 136 184 81 16 4 15
wall 152 184 81 16 4 15
wall 168 184 81 16 4 15
wall 184 184 81 16 4 15
wall 200 184 81 16 4 15
wall 216 184 81 16 4 15
wall 232 184 81 16 4 15
wall 248 184 81 16 4 15
wall 264 184 81 16 4 15
wall 280 184 81 12 4 15
wall 296 184 81 16 4 15
wall 312 184 81 12 4 15
wall 0 192 81 16 4 15
wall 16 192 81 16 4 15
wall 32 192 81 16 4 15
wall 48 192 81 16 4 15
wall 64 192 81 16 4 15
wall 80 192 81 16 4 15
wall 96 192 81 16 4 15
wall 112 192 81 16 4 15
wall 128 192 81 16 4 15
wall 144 192 81 16 4 15
wall 160 192 81 16 4 15
wall 176 192 81 16 4 15
wall 192 192 81 16 4 15
wall 208 192 81 16 4 15
wall 224 192 81 16 4 15
wall 240 192 81 16 4 15
wall 256 192 81 16 4 15
wall 272 192 81 16 4 15
wall 288 192 81 16 4 15
wall 304 192 81 16 4 15
wall 320 192 81 16 4 15
wall 344 192 81 16 4 15
wall 360 192 81 16 4 15
wall 376 192 81 12 4 15
wall 0 0 81 4 16 15
wall 0 16 81 4 16 15
wall 0 32 81 4 16 15
wall 0 48 81 4 16 15
wall 0 64 81 4 16 15
wall 0 80 81 4 12 15
wall 0 104 81 4 16 15
wall 0 120 81 4 16 15
wall 0 136 81 4 16 15
wall 0 152 81 4 16 15
wall 0 168 81 4 16 15
wall 0 184 81 4 12 15
wall 24 0 81 4 16 15
wall 24 16 81 4 16 15
wall 24 32 81 4 16 15
wall 24 48 81 4 16 15
wall 24 64 81 4 16 15
wall 24 80 81 4 12 15
wall 24 104 81 4 16 15
wall 24 120 81 4 16 15
wall 24 136 81 4 16 15
wall 24 152 81 4 16 15
wall 24 168 81 4 16 15
wall 24 184 81 4 4 15
wall 36 104 81 4 16 15
wall 36 120 81 4 4 15
wall 36 128 81 4 16 15
wall 36 144 81 4 16 15
wall 36 160 81 4 4 15
wall 48 104 81 4 16 15
wall 48 120 81 4 4 15
wall 48 128 81 4 16 15
wall 48 144 81 4 16 15
wall 48 160 81 4 4 15
wall 60 104 81 4 16 15
wall 60 120 81 4 4 15
wall 60 128 81 4 16 15
wall 60 144 81 4 16 15
wall 60 160 81 4 4 15
wall 64 8 81 4 16 15
wall 64 24 81 4 16 15
wall 64 40 81 4 16 15
wall 64 56 81 4 16 15
wall 64 72 81 4 16 15
wall 64 88 81 4 4 15
wall 72 104 81 4 16 15
wall 72 120 81 4 4 15
wall 72 128 81 4 16 15
wall 72 144 81 4 16 15
wall 72 160 81 4 4 15
wall 72 168 81 4 16 15
wall 72 184 81 4 4 15
wall 76 8 81 4 16 15
wall 76 24 81 4 4 15
wall 76 48 81 4 16 15
wall 76 64 81 4 4 15
wall 84 104 81 4 16 15
wall 84 120 81 4 4 15
wall 84 128 81 4 16 15
wall 84 144 81 4 16 15
wall 84 160 81 4 4 15
wall 84 168 81 4 16 15
wall 84 184 81 4 4 15
wall 88 8 81 4 16 15
wall 88 24 81 4 4 15
wall 88 32 81 4 16 15
wall 88 48 81 4 16 15
wall 88 64 81 4 4 15
wall 96 104 81 4 16 15
wall 96 120 81 4 4 15
wall 96 128 81 4 16 15
wall 96 144 81 4 16 15
wall 96 160 81 4 4 15
wall 96 168 81 4 16 15
wall 96 184 81 4 4 15
wall 100 8 81 4 16 15
wall 100 24 81 4 4 15
wall 100 32 81 4 16 15
wall 100 48 81 4 16 15
wall 100 64 81 4 4 15
wall 108 104 81 4 16 15
wall 108 120 81 4 4 15
wall 108 128 81 4 16 15
wall 108 144 81 4 16 15
wall 108 160 81 4 4 15
wall 108 168 81 4 16 15
wall 108 184 81 4 4 15
wall 112 8 81 4 16 15
wall 112 24 81 4 4 15
wall 112 32 81 4 16 15
wall 112 48 81 4 16 15
wall 112 64 81 4 4 15
wall 112 72 81 4 16 15
wall 112 88 81 4 4 15
wall 120 104 81 4 16 15
wall 120 120 81 4 4 15
wall 120 128 81 4 16 15
wall 120 144 81 4 16 15
wall 120 160 81 4 4 15
wall 120 168 81 4 16 15
wall 120 184 81 4 4 15
wall 124 8 81 4 16 15
wall 124 24 81 4 4 15
wall 124 32 81 4 16 15
wall 124 48 81 4 16 15
wall 124 64 81 4 4 15
wall 124 72 81 4 16 15
wall 124 88 81 4 4 15
wall 132 104 81 4 16 15
wall 132 120 81 4 4 15
wall 132 128 81 4 16 15
wall 132 144 81 4 16 15
wall 132 160 81 4 4 15
wall 132 168 81 4 16 15
wall 132 184 81 4 4 15
wall 136 8 81 4 16 15
wall 136 24 81 4 4 15
wall 136 32 81 4 16 15
wall 136 48 81 4 16 15
wall 136 64 81 4 4 15
wall 136 72 81 4 16 15
wall 136 88 81 4 4 15
wall 144 104 81 4 16 15
wall 144 120 81 4 4 15
wall 144 128 81 4 16 15
wall 144 144 81 4 16 15
wall 144 160 81 4 4 15
wall 144 168 81 4 16 15
wall 144 184 81 4 4 15
wall 148 8 81 4 16 15
wall 148 24 81 4 4 15
wall 148 32 81 4 16 15
wall 148 48 81 4 16 15
wall 148 64 81 4 4 15
wall 148 72 81 4 16 15
wall 148 88 81 4 4 15
wall 156 104 81 4 16 15
wall 156 120 81 4 4 15
wall 156 128 81 4 16 15
wall 156 144 81 4 16 15
wall 156 160 81 4 4 15
wall 156 168 81 4 16 15
wall 156 184 81 4 4 15
wall 160 8 81 4 16 15
wall 160 24 81 4 4 15
wall 160 32 81 4 16 15
wall 160 48 81 4 16 15
wall 160 64 81 4 4 15
wall 160 72 81 4 16 15
wall 160 88 81 4 4 15
wall 168 104 81 4 16 15
wall 168 120 81 4 4 15
wall 168 128 81 4 16 15
wall 168 144 81 4 16 15
wall 168 160 81 4 4 15
wall 168 168 81 4 16 15
wall 168 184 81 4 4 15
wall 172 8 81 4 16 15
wall 172 24 81 4 4 15
wall 172 32 81 4 16 15
wall 172 48 81 4 16 15
wall 172 64 81 4 4 15
wall 172 72 81 4 16 15
wall 172 88 81 4 4 15
wall 176 128 81 4 16 15
wall 176 144 81 4 4 15
wall 180 104 81 4 16 15
wall 180 120 81 4 4 15
wall 180 144 81 4 16 15
wall 180 160 81 4 4 15
wall 180 168 81 4 16 15
wall 180 184 81 4 4 15
wall 184 8 81 4 16 15
wall 184 24 81 4 8 15
wall 184 40 81 4 16 15
wall 184 56 81 4 16 15
wall 184 72 81 4 16 15
wall 184 88 81 4 4 15
wall 192 104 81 4 16 15
wall 192 120 81 4 4 15
wall 192 144 81 4 16 15
wall 192 160 81 4 4 15
wall 192 168 81 4 16 15
wall 192 184 81 4 4 15
wall 200 8 81 4 16 15
wall 200 24 81 4 16 15
wall 200 40 81 4 16 15
wall 200 56 81 4 16 15
wall 200 72 81 4 16 15
wall 200 88 81 4 4 15
wall 200 104 81 4 16 15
wall 200 120 81 4 16 15
wall 200 136 81 4 16 15
wall 200 152 81 4 16 15
wall 200 168 81 4 16 15
wall 200 184 81 4 4 15
wall 212 8 81 4 16 15
wall 212 24 81 4 4 15
wall 212 72 81 4 16 15
wall 212 88 81 4 4 15
wall 224 8 81 4 16 15
wall 224 24 81 4 4 15
wall 224 32 81 4 16 15
wall 224 48 81 4 16 15
wall 224 64 81 4 4 15
wall 224 72 81 4 16 15
wall 224 88 81 4 4 15
wall 236 8 81 4 16 15
wall 236 24 81 4 4 15
wall 236 32 81 4 16 15
wall 236 48 81 4 16 15
wall 236 64 81 4 4 15
wall 236 72 81 4 16 15
wall 236 88 81 4 4 15
wall 248 8 81 4 16 15
wall 248 24 81 4 4 15
wall 248 32 81 4 16 15
wall 248 48 81 4 16 15
wall 248 64 81 4 4 15
wall 248 72 81 4 16 15
wall 248 88 81 4 4 15
wall 260 8 81 4 16 15
wall 260 24 81 4 4 15
wall 260 32 81 4 16 15
wall 260 48 81 4 16 15
wall 260 64 81 4 4 15
wall 260 72 81 4 16 15
wall 260 88 81 4 4 15
wall 264 104 81 4 16 15
wall 264 120 81 4 16 15
wall 264 136 81 4 16 15
wall 264 152 81 4 16 15
wall 264 168 81 4 16 15
wall 264 184 81 4 4 15
wall 272 8 81 4 16 15
wall 272 24 81 4 4 15
wall 272 32 81 4 16 15
wall 272 48 81 4 16 15
wall 272 64 81 4 4 15
wall 272 72 81 4 16 15
wall 272 88 81 4 4 15
wall 284 8 81 4 16 15
wall 284 24 81 4 4 15
wall 284 32 81 4 16 15
wall 284 48 81 4 16 15
wall 284 64 81 4 4 15
wall 284 72 81 4 16 15
wall 284 88 81 4 4 15
wall 296 8 81 4 16 15
wall 296 24 81 4 4 15
wall 296 32 81 4 16 15
wall 296 48 81 4 16 15
wall 296 64 81 4 4 15
wall 296 72 81 4 16 15
wall 296 88 81 4 4 15
wall 304 72 81 4 16 15
wall 304 88 81 4 4 15
wall 308 8 81 4 16 15
wall 308 24 81 4 4 15
wall 308 32 81 4 16 15
wall 308 48 81 4 16 15
wall 308 64 81 4 4 15
wall 320 8 81 4 16 15
wall 320 24 81 4 4 15
wall 320 32 81 4 16 15
wall 320 48 81 4 16 15
wall 320 64 81 4 4 15
wall 320 104 81 4 16 15
wall 320 120 81 4 16 15
wall 320 136 81 4 16 15
wall 320 152 81 4 16 15
wall 320 168 81 4 16 15
wall 320 184 81 4 4 15
wall 332 8 81 4 16 15
wall 332 24 81 4 4 15
wall 332 32 81 4 16 15
wall 332 48 81 4 16 15
wall 332 64 81 4 4 15
wall 344 8 81 4 16 15
wall 344 24 81 4 4 15
wall 344 32 81 4 16 15
wall 344 48 81 4 16 15
wall 344 64 81 4 4 15
wall 356 8 81 4 16 15
wall 356 24 81 4 4 15
wall 356 32 81 4 16 15
wall 356 48 81 4 16 15
wall 356 64 81 4 4 15
wall 360 8 81 4 16 15
wall 360 24 81 4 16 15
wall 360 40 81 4 16 15
wall 360 56 81 4 16 15
wall 360 72 81 4 16 15
wall 360 88 81 4 4 15
wall 360 104 81 4 16 15
wall 360 120 81 4 16 15
wall 360 136 81 4 16 15
wall 360 152 81 4 16 15
wall 360 168 81 4 16 15
wall 360 184 81 4 12 15
wall 384 0 81 4 16 15
wall 384 16 81 4 16 15
wall 384 32 81 4 16 15
wall 384 48 81 4 16 15
wall 384 64 81 4 16 15
wall 384 80 81 4 12 15
wall 384 104 81 4 16 15
wall 384 120 81 4 16 15
wall 384 136 81 4 16 15
wall 384 152 81 4 16 15
wall 384 168 81 4 16 15
wall 384 184 81 4 12 15
door 40 0 81 8 4 15
door 64 4 81 4 4 15
door 360 4 81 4 4 15
door 192 8 81 4 4 15
door 68 24 81 4 4 15
door 80 24 81 4 4 15
door 92 24 81 4 4 15
door 104 24 81 4 4 15
door 128 24 81 4 4 15
door 140 24 81 4 4 15
door 152 24 81 4 4 15
door 164 24 81 4 4 15
door 176 24 81 4 4 15
door 204 24 81 4 4 15
door 216 24 81 4 4 15
door 228 24 81 4 4 15
door 240 24 81 4 4 15
door 252 24 81 4 4 15
door 264 24 81 4 4 15
door 288 24 81 4 4 15
door 300 24 81 4 4 15
door 312 24 81 4 4 15
door 324 24 81 4 4 15
door 336 24 81 4 4 15
door 348 24 81 4 4 15
door 76 32 81 8 4 15
door 92 32 81 4 4 15
door 104 32 81 4 4 15
door 128 32 81 4 4 15
door 140 32 81 4 4 15
door 152 32 81 4 4 15
door 164 32 81 4 4 15
door 176 32 81 4 4 15
door 184 32 81 4 8 15
door 212 32 81 8 4 15
door 228 32 81 4 4 15
door 240 32 81 4 4 15
door 252 32 81 4 4 15
door 264 32 81 4 4 15
door 288 32 81 4 4 15
door 300 32 81 4 4 15
door 312 32 81 4 4 15
door 324 32 81 4 4 15
door 336 32 81 4 4 15
door 348 32 81 4 4 15
door 40 48 81 8 4 15
door 68 64 81 4 4 15
door 80 64 81 4 4 15
door 92 64 81 4 4 15
door 104 64 81 4 4 15
door 128 64 81 4 4 15
door 140 64 81 4 4 15
door 152 64 81 4 4 15
door 164 64 81 4 4 15
door 176 64 81 4 4 15
door 212 64 81 8 4 15
door 228 64 81 4 4 15
door 240 64 81 4 4 15
door 252 64 81 4 4 15
door 264 64 81 4 4 15
door 288 64 81 4 4 15
door 300 64 81 4 4 15
door 312 64 81 4 4 15
door 324 64 81 4 4 15
door 336 64 81 4 4 15
door 348 64 81 4 4 15
door 88 72 81 8 4 15
door 128 72 81 4 4 15
door 140 72 81 4 4 15
door 152 72 81 4 4 15
door 164 72 81 4 4 15
door 176 72 81 4 4 15
door 204 72 81 4 4 15
door 216 72 81 4 4 15
door 228 72 81 4 4 15
door 240 72 81 4 4 15
door 252 72 81 4 4 15
door 264 72 81 4 4 15
door 288 72 81 4 4 15
door 332 72 81 8 4 15
door 12 80 81 4 4 15
door 372 80 81 4 4 15
door 40 88 81 8 4 15
door 116 88 81 8 4 15
door 188 88 81 12 4 15
door 276 88 81 8 4 15
door 0 92 81 4 12 15
door 24 92 81 4 12 15
door 360 92 81 4 12 15
door 384 92 81 4 12 15
door 100 104 81 8 4 15
door 232 104 81 8 4 15
door 292 104 81 8 4 15
door 336 104 81 8 4 15
door 12 112 81 4 4 15
door 372 112 81 4 4 15
door 28 120 81 4 4 15
door 40 120 81 4 4 15
door 52 120 81 4 4 15
door 64 120 81 4 4 15
door 76 120 81 4 4 15
door 88 120 81 4 4 15
door 112 120 81 4 4 15
door 124 120 81 4 4 15
door 136 120 81 4 4 15
door 148 120 81 4 4 15
door 160 120 81 4 4 15
door 172 120 81 4 4 15
door 184 120 81 4 4 15
door 28 128 81 4 4 15
door 40 128 81 4 4 15
door 52 128 81 4 4 15
door 64 128 81 4 4 15
door 76 128 81 4 4 15
door 88 128 81 4 4 15
door 112 128 81 4 4 15
door 124 128 81 4 4 15
door 136 128 81 4 4 15
door 148 128 81 4 4 15
door 160 128 81 4 4 15
door 188 128 81 8 4 15
door 336 144 81 8 4 15
door 28 160 81 4 4 15
door 40 160 81 4 4 15
door 52 160 81 4 4 15
door 64 160 81 4 4 15
door 76 160 81 4 4 15
door 88 160 81 4 4 15
door 112 160 81 4 4 15
door 124 160 81 4 4 15
door 136 160 81 4 4 15
door 148 160 81 4 4 15
door 160 160 81 4 4 15
door 172 160 81 4 4 15
door 184 160 81 4 4 15
door 48 168 81 8 4 15
door 76 168 81 4 4 15
door 88 168 81 4 4 15
door 112 168 81 4 4 15
door 124 168 81 4 4 15
door 136 168 81 4 4 15
door 148 168 81 4 4 15
door 160 168 81 4 4 15
door 172 168 81 4 4 15
door 184 168 81 4 4 15
door 292 184 81 4 4 15
door 24 188 81 4 4 15
door 320 188 81 4 4 15
door 336 192 81 8 4 15
wedge 28 52 81 4 4 4
wedge 32 52 81 4 4 4
wedge 28 56 85 4 4 4
wedge 32 56 85 4 4 4
wedge 56 52 81 4 4 4
wedge 60 52 81 4 4 4
wedge 56 56 85 4 4 4
wedge 60 56 85 4 4 4
wedge 324 108 81 4 4 4
wedge 328 108 81 4 4 4
wedge 324 112 85 4 4 4
wedge 328 112 85 4 4 4
wedge 352 108 81 4 4 4
wedge 356 108 81 4 4 4
wedge 352 112 85 4 4 4
wedge 356 112 85 4 4 4
wall 0 0 97 16 4 15
wall 16 0 97 16 4 15
wall 32 0 97 8 4 15
wall 48 0 97 16 4 15
wall 64 0 97 16 4 15
wall 80 0 97 16 4 15
wall 96 0 97 16 4 15
wall 112 0 97 4 4 15
wall 184 0 97 16 4 15
wall 200 0 97 4 4 15
wall 360 0 97 16 4 15
wall 376 0 97 12 4 15
wall 64 8 97 16 4 15
wall 80 8 97 16 4 15
wall 96 8 97 16 4 15
wall 112 8 97 4 4 15
wall 184 8 97 8 4 15
wall 196 8 97 8 4 15
wall 24 48 97 16 4 15
wall 48 48 97 16 4 15
wall 64 48 97 4 4 15
wall 184 68 97 16 4 15
wall 200 68 97 4 4 15
wall 208 72 97 16 4 15
wall 224 72 97 16 4 15
wall 240 72 97 12 4 15
wall 0 80 97 12 4 15
wall 16 80 97 12 4 15
wall 360 80 97 12 4 15
wall 376 80 97 12 4 15
wall 24 88 97 16 4 15
wall 48 88 97 16 4 15
wall 64 88 97 16 4 15
wall 80 88 97 8 4 15
wall 96 88 97 16 4 15
wall 112 88 97 16 4 15
wall 128 88 97 16 4 15
wall 144 88 97 4 4 15
wall 156 88 97 16 4 15
wall 172 88 97 16 4 15
wall 200 88 97 16 4 15
wall 216 88 97 16 4 15
wall 232 88 97 16 4 15
wall 248 88 97 16 4 15
wall 264 88 97 12 4 15
wall 292 88 97 16 4 15
wall 308 88 97 16 4 15
wall 324 88 97 16 4 15
wall 340 88 97 16 4 15
wall 356 88 97 8 4 15
wall 24 104 97 16 4 15
wall 40 104 97 16 4 15
wall 56 104 97 4 4 15
wall 68 104 97 16 4 15
wall 84 104 97 16 4 15
wall 100 104 97 16 4 15
wall 116 104 97 12 4 15
wall 136 104 97 16 4 15
wall 152 104 97 16 4 15
wall 168 104 97 16 4 15
wall 184 104 97 4 4 15
wall 196 104 97 16 4 15
wall 212 104 97 16 4 15
wall 228 104 97 12 4 15
wall 248 104 97 16 4 15
wall 264 104 97 16 4 15
wall 280 104 97 12 4 15
wall 300 104 97 16 4 15
wall 316 104 97 16 4 15
wall 332 104 97 4 4 15
wall 344 104 97 16 4 15
wall 360 104 97 4 4 15
wall 0 112 97 12 4 15
wall 16 112 97 12 4 15
wall 360 112 97 12 4 15
wall 376 112 97 12 4 15
wall 320 144 97 16 4 15
wall 344 144 97 16 4 15
wall 360 144 97 4 4 15
wall 24 184 97 16 4 15
wall 40 184 97 16 4 15
wall 56 184 97 16 4 15
wall 72 184 97 16 4 15
wall 88 184 97 16 4 15
wall 104 184 97 16 4 15
wall 120 184 97 16 4 15
wall 136 184 97 16 4 15
wall 152 184 97 16 4 15
wall 168 184 97 16 4 15
wall 184 184 97 16 4 15
wall 200 184 97 16 4 15
wall 216 184 97 16 4 15
wall 232 184 97 16 4 15
wall 248 184 97 16 4 15
wall 264 184 97 16 4 15
wall 280 184 97 12 4 15
wall 296 184 97 16 4 15
wall 312 184 97 12 4 15
wall 0 192 97 16 4 15
wall 16 192 97 16 4 15
wall 32 192 97 16 4 15
wall 48 192 97 16 4 15
wall 64 192 97 16 4 15
wall 80 192 97 16 4 15
wall 96 192 97 16 4 15
wall 112 192 97 16 4 15
wall 128 192 97 16 4 15
wall 144 192 97 16 4 15
wall 160 192 97 16 4 15
wall 176 192 97 16 4 15
wall 192 192 97 16 4 15
wall 208 192 97 16 4 15
wall 224 192 97 16 4 15
wall 240 192 97 16 4 15
wall 256 192 97 16 4 15
wall 272 192 97 16 4 15
wall 288 192 97 16 4 15
wall 304 192 97 16 4 15
wall 320 192 97 16 4 15
wall 344 192 97 16 4 15
wall 360 192 97 16 4 15
wall 376 192 97 12 4 15
wall 0 0 97 4 16 15
wall 0 16 97 4 16 15
wall 0 32 97 4 16 15
wall 0 48 97 4 16 15
wall 0 64 97 4 16 15
wall 0 80 97 4 12 15
wall 0 104 97 4 16 15
wall 0 120 97 4 16 15
wall 0 136 97 4 16 15
wall 0 152 97 4 16 15
wall 0 168 97 4 16 15
wall 0 184 97 4 12 15
wall 24 0 97 4 16 15
wall 24 16 97 4 16 15
wall 24 32 97 4 16 15
wall 24 48 97 4 16 15
wall 24 64 97 4 16 15
wall 24 80 97 4 12 15
wall 24 104 97 4 16 15
wall 24 120 97 4 16 15
wall 24 136 97 4 16 15
wall 24 152 97 4 16 15
wall 24 168 97 4 16 15
wall 24 184 97 4 4 15
wall 64 8 97 4 16 15
wall 64 24 97 4 16 15
wall 64 40 97 4 16 15
wall 64 56 97 4 16 15
wall 64 72 97 4 16 15
wall 64 88 97 4 4 15
wall 96 104 97 4 16 15
wall 96 120 97 4 16 15
wall 96 136 97 4 8 15
wall 96 152 97 4 16 15
wall 96 168 97 4 16 15
wall 96 184 97 4 4 15
wall 112 8 97 4 16 15
wall 112 32 97 4 16 15
wall 112 48 97 4 16 15
wall 112 64 97 4 16 15
wall 112 80 97 4 12 15
wall 160 104 97 4 16 15
wall 160 120 97 4 16 15
wall 160 136 97 4 16 15
wall 160 152 97 4 16 15
wall 160 168 97 4 16 15
wall 160 184 97 4 4 15
wall 184 8 97 4 16 15
wall 184 24 97 4 8 15
wall 184 40 97 4 16 15
wall 184 56 97 4 16 15
wall 184 72 97 4 16 15
wall 184 88 97 4 4 15
wall 200 8 97 4 16 15
wall 200 24 97 4 16 15
wall 200 40 97 4 16 15
wall 200 56 97 4 16 15
wall 200 72 97 4 16 15
wall 200 88 97 4 4 15
wall 216 104 97 4 16 15
wall 216 120 97 4 16 15
wall 216 136 97 4 16 15
wall 216 152 97 4 16 15
wall 216 168 97 4 16 15
wall 216 184 97 4 4 15
wall 264 104 97 4 16 15
wall 264 120 97 4 16 15
wall 264 136 97 4 16 15
wall 264 152 97 4 16 15
wall 264 168 97 4 16 15
wall 264 184 97 4 4 15
wall 320 104 97 4 16 15
wall 320 120 97 4 16 15
wall 320 136 97 4 16 15
wall 320 152 97 4 16 15
wall 320 168 97 4 16 15
wall 320 184 97 4 4 15
wall 360 8 97 4 16 15
wall 360 24 97 4 16 15
wall 360 40 97 4 16 15
wall 360 56 97 4 16 15
wall 360 72 97 4 16 15
wall 360 88 97 4 4 15
wall 360 104 97 4 16 15
wall 360 120 97 4 16 15
wall 360 136 97 4 16 15
wall 360 152 97 4 16 15
wall 360 168 97 4 16 15
wall 360 184 97 4 12 15
wall 384 0 97 4 16 15
wall 384 16 97 4 16 15
wall 384 32 97 4 16 15
wall 384 48 97 4 16 15
wall 384 64 97 4 16 15
wall 384 80 97 4 12 15
wall 384 104 97 4 16 15
wall 384 120 97 4 16 15
wall 384 136 97 4 16 15
wall 384 152 97 4 16 15
wall 384 168 97 4 16 15
wall 384 184 97 4 12 15
window 116 0 97 16 4 15
window 132 0 97 16 4 15
window 148 0 97 16 4 15
window 164 0 97 16 4 15
window 180 0 97 4 4 15
window 204 0 97 16 4 15
window 220 0 97 16 4 15
window 236 0 97 16 4 15
window 252 0 97 16 4 15
window 268 0 97 16 4 15
window 284 0 97 16 4 15
window 300 0 97 16 4 15
window 316 0 97 16 4 15
window 332 0 97 16 4 15
window 348 0 97 12 4 15
door 40 0 97 8 4 15
door 64 4 97 4 4 15
door 360 4 97 4 4 15
door 192 8 97 4 4 15
door 112 24 97 4 8 15
door 184 32 97 4 8 15
door 40 48 97 8 4 15
door 12 80 97 4 4 15
door 372 80 97 4 4 15
door 40 88 97 8 4 15
door 88 88 97 8 4 15
door 148 88 97 8 4 15
door 188 88 97 12 4 15
door 276 88 97 16 4 15
door 0 92 97 4 12 15
door 24 92 97 4 12 15
door 360 92 97 4 12 15
door 384 92 97 4 12 15
door 60 104 97 8 4 15
door 128 104 97 8 4 15
door 188 104 97 8 4 15
door 240 104 97 8 4 15
door 292 104 97 8 4 15
door 336 104 97 8 4 15
door 12 112 97 4 4 15
door 372 112 97 4 4 15
door 96 144 97 4 8 15
door 336 144 97 8 4 15
door 292 184 97 4 4 15
door 24 188 97 4 4 15
door 320 188 97 4 4 15
door 336 192 97 8 4 15
wedge 28 52 97 4 4 4
wedge 32 52 97 4 4 4
wedge 28 56 101 4 4 4
wedge 32 56 101 4 4 4
wedge 56 52 97 4 4 4
wedge 60 52 97 4 4 4
wedge 56 56 101 4 4 4
wedge 60 56 101 4 4 4
wedge 324 108 97 4 4 4
wedge 328 108 97 4 4 4
wedge 324 112 101 4 4 4
wedge 328 112 101 4 4 4
wedge 352 108 97 4 4 4
wedge 356 108 97 4 4 4
wedge 352 112 101 4 4 4
wedge 356 112 101 4 4 4
wall 0 0 113 16 4 15
wall 16 0 113 16 4 15
wall 32 0 113 8 4 15
wall 48 0 113 16 4 15
wall 64 0 113 16 4 15
wall 80 0 113 16 4 15
wall 96 0 113 16 4 15
wall 112 0 113 16 4 15
wall 128 0 113 16 4 15
wall 144 0 113 16 4 15
wall 160 0 113 16 4 15
wall 176 0 113 16 4 15
wall 192 0 113 16 4 15
wall 208 0 113 16 4 15
wall 224 0 113 16 4 15
wall 240 0 113 16 4 15
wall 256 0 113 12 4 15
wall 360 0 113 16 4 15
wall 376 0 113 12 4 15
wall 64 8 113 16 4 15
wall 80 8 113 16 4 15
wall 96 8 113 16 4 15
wall 112 8 113 16 4 15
wall 128 8 113 16 4 15
wall 144 8 113 16 4 15
wall 160 8 113 16 4 15
wall 176 8 113 16 4 15
wall 196 8 113 16 4 15
wall 212 8 113 16 4 15
wall 228 8 113 16 4 15
wall 244 8 113 16 4 15
wall 260 8 113 8 4 15
wall 24 48 113 16 4 15
wall 48 48 113 16 4 15
wall 64 48 113 4 4 15
wall 184 68 113 16 4 15
wall 200 68 113 4 4 15
wall 0 80 113 12 4 15
wall 16 80 113 12 4 15
wall 360 80 113 12 4 15
wall 376 80 113 12 4 15
wall 24 88 113 16 4 15
wall 48 88 113 16 4 15
wall 64 88 113 16 4 15
wall 80 88 113 12 4 15
wall 100 88 113 16 4 15
wall 116 88 113 16 4 15
wall 132 88 113 16 4 15
wall 148 88 113 4 4 15
wall 160 88 113 16 4 15
wall 176 88 113 12 4 15
wall 200 88 113 16 4 15
wall 216 88 113 16 4 15
wall 240 88 113 16 4 15
wall 256 88 113 16 4 15
wall 272 88 113 16 4 15
wall 288 88 113 16 4 15
wall 304 88 113 8 4 15
wall 320 88 113 16 4 15
wall 336 88 113 16 4 15
wall 352 88 113 12 4 15
wall 24 104 113 16 4 15
wall 40 104 113 16 4 15
wall 56 104 113 16 4 15
wall 80 104 113 16 4 15
wall 96 104 113 16 4 15
wall 112 104 113 16 4 15
wall 128 104 113 16 4 15
wall 144 104 113 16 4 15
wall 160 104 113 8 4 15
wall 176 104 113 16 4 15
wall 192 104 113 16 4 15
wall 208 104 113 16 4 15
wall 224 104 113 16 4 15
wall 248 104 113 16 4 15
wall 264 104 113 16 4 15
wall 280 104 113 12 4 15
wall 300 104 113 16 4 15
wall 316 104 113 16 4 15
wall 332 104 113 4 4 15
wall 344 104 113 16 4 15
wall 360 104 113 4 4 15
wall 0 112 113 12 4 15
wall 16 112 113 12 4 15
wall 360 112 113 12 4 15
wall 376 112 113 12 4 15
wall 320 144 113 16 4 15
wall 344 144 113 16 4 15
wall 360 144 113 4 4 15
wall 24 184 113 8 4 15
wall 212 184 113 16 4 15
wall 228 184 113 16 4 15
wall 244 184 113 16 4 15
wall 260 184 113 16 4 15
wall 276 184 113 16 4 15
wall 296 184 113 16 4 15
wall 312 184 113 12 4 15
wall 0 192 113 16 4 15
wall 16 192 113 16 4 15
wall 212 192 113 16 4 15
wall 228 192 113 16 4 15
wall 244 192 113 16 4 15
wall 260 192 113 16 4 15
wall 276 192 113 16 4 15
wall 292 192 113 16 4 15
wall 308 192 113 16 4 15
wall 324 192 113 12 4 15
wall 344 192 113 16 4 15
wall 360 192 113 16 4 15
wall 376 192 113 12 4 15
wall 0 0 113 4 16 15
wall 0 16 113 4 16 15
wall 0 32 113 4 16 15
wall 0 48 113 4 16 15
wall 0 64 113 4 16 15
wall 0 80 113 4 12 15
wall 0 104 113 4 16 15
wall 0 120 113 4 16 15
wall 0 136 113 4 16 15
wall 0 152 113 4 16 15
wall 0 168 113 4 16 15
wall 0 184 113 4 12 15
wall 24 0 113 4 16 15
wall 24 16 113 4 16 15
wall 24 32 113 4 16 15
wall 24 48 113 4 16 15
wall 24 64 113 4 16 15
wall 24 80 113 4 12 15
wall 24 104 113 4 16 15
wall 24 120 113 4 16 15
wall 24 136 113 4 16 15
wall 24 152 113 4 16 15
wall 24 168 113 4 16 15
wall 24 184 113 4 4 15
wall 64 8 113 4 16 15
wall 64 24 113 4 16 15
wall 64 40 113 4 16 15
wall 64 56 113 4 16 15
wall 64 72 113 4 16 15
wall 64 88 113 4 4 15
wall 120 8 113 4 16 15
wall 120 24 113 4 16 15
wall 120 40 113 4 16 15
wall 120 56 113 4 16 15
wall 120 72 113 4 16 15
wall 120 88 113 4 4 15
wall 120 104 113 4 16 15
wall 120 120 113 4 16 15
wall 120 136 113 4 8 15
wall 120 152 113 4 16 15
wall 120 168 113 4 16 15
wall 184 8 113 4 16 15
wall 184 24 113 4 8 15
wall 184 40 113 4 16 15
wall 184 56 113 4 16 15
wall 184 72 113 4 16 15
wall 184 88 113 4 4 15
wall 200 8 113 4 16 15
wall 200 24 113 4 16 15
wall 200 40 113 4 16 15
wall 200 56 113 4 16 15
wall 200 72 113 4 16 15
wall 200 88 113 4 4 15
wall 216 104 113 4 16 15
wall 216 120 113 4 16 15
wall 216 136 113 4 16 15
wall 216 152 113 4 16 15
wall 216 168 113 4 16 15
wall 216 184 113 4 4 15
wall 264 8 113 4 16 15
wall 264 24 113 4 16 15
wall 264 40 113 4 16 15
wall 264 56 113 4 16 15
wall 264 72 113 4 16 15
wall 264 88 113 4 4 15
wall 264 104 113 4 16 15
wall 264 120 113 4 16 15
wall 264 136 113 4 16 15
wall 264 152 113 4 16 15
wall 264 168 113 4 16 15
wall 264 184 113 4 4 15
wall 320 104 113 4 16 15
wall 320 120 113 4 16 15
wall 320 136 113 4 16 15
wall 320 152 113 4 16 15
wall 320 168 113 4 16 15
wall 320 184 113 4 4 15
wall 360 8 113 4 16 15
wall 360 24 113 4 16 15
wall 360 40 113 4 16 15
wall 360 56 113 4 16 15
wall 360 72 113 4 16 15
wall 360 88 113 4 4 15
wall 360 104 113 4 16 15
wall 360 120 113 4 16 15
wall 360 136 113 4 16 15
wall 360 152 113 4 16 15
wall 360 168 113 4 16 15
wall 360 184 113 4 12 15
wall 384 0 113 4 16 15
wall 384 16 113 4 16 15
wall 384 32 113 4 16 15
wall 384 48 113 4 16 15
wall 384 64 113 4 16 15
wall 384 80 113 4 12 15
wall 384 104 113 4 16 15
wall 384 120 113 4 16 15
wall 384 136 113 4 16 15
wall 384 152 113 4 16 15
wall 384 168 113 4 16 15
wall 384 184 113 4 12 15
window 268 0 113 16 4 15
window 284 0 113 16 4 15
window 300 0 113 16 4 15
window 316 0 113 16 4 15
window 332 0 113 16 4 15
window 348 0 113 12 4 15
window 32 192 113 16 4 15
window 48 192 113 16 4 15
window 64 192 113 16 4 15
window 80 192 113 16 4 15
window 96 192 113 16 4 15
window 112 192 113 16 4 15
window 128 192 113 16 4 15
window 144 192 113 16 4 15
window 160 192 113 16 4 15
window 176 192 113 16 4 15
window 192 192 113 16 4 15
window 208 192 113 4 4 15
door 40 0 113 8 4 15
door 64 4 113 4 4 15
door 360 4 113 4 4 15
door 192 8 113 4 4 15
door 184 32 113 4 8 15
door 40 48 113 8 4 15
door 12 80 113 4 4 15
door 372 80 113 4 4 15
door 40 88 113 8 4 15
door 92 88 113 8 4 15
door 152 88 113 8 4 15
door 188 88 113 12 4 15
door 232 88 113 8 4 15
door 312 88 113 8 4 15
door 0 92 113 4 12 15
door 24 92 113 4 12 15
door 360 92 113 4 12 15
door 384 92 113 4 12 15
door 72 104 113 8 4 15
door 168 104 113 8 4 15
door 240 104 113 8 4 15
door 292 104 113 8 4 15
door 336 104 113 8 4 15
door 12 112 113 4 4 15
door 372 112 113 4 4 15
door 120 144 113 4 8 15
door 336 144 113 8 4 15
door 292 184 113 4 4 15
door 24 188 113 4 4 15
door 320 188 113 4 4 15
door 336 192 113 8 4 15
wedge 28 52 113 4 4 4
wedge 32 52 113 4 4 4
wedge 28 56 117 4 4 4
wedge 32 56 117 4 4 4
wedge 56 52 113 4 4 4
wedge 60 52 113 4 4 4
wedge 56 56 117 4 4 4
wedge 60 56 117 4 4 4
wedge 324 108 113 4 4 4
wedge 328 108 113 4 4 4
wedge 324 112 117 4 4 4
wedge 328 112 117 4 4 4
wedge 352 108 113 4 4 4
wedge 356 108 113 4 4 4
wedge 352 112 117 4 4 4
wedge 356 112 117 4 4 4
wall 0 0 129 16 4 15
wall 16 0 129 16 4 15
wall 32 0 129 8 4 15
wall 48 0 129 16 4 15
wall 64 0 129 4 4 15
wall 184 0 129 16 4 15
wall 200 0 129 16 4 15
wall 216 0 129 16 4 15
wall 232 0 129 16 4 15
wall 248 0 129 16 4 15
wall 264 0 129 16 4 15
wall 280 0 129 16 4 15
wall 296 0 129 16 4 15
wall 312 0 129 16 4 15
wall 328 0 129 16 4 15
wall 344 0 129 16 4 15
wall 360 0 129 16 4 15
wall 376 0 129 12 4 15
wall 184 8 129 8 4 15
wall 196 8 129 16 4 15
wall 212 8 129 16 4 15
wall 228 8 129 16 4 15
wall 244 8 129 16 4 15
wall 260 8 129 12 4 15
wall 276 8 129 16 4 15
wall 292 8 129 16 4 15
wall 308 8 129 16 4 15
wall 324 8 129 16 4 15
wall 340 8 129 16 4 15
wall 356 8 129 8 4 15
wall 24 48 129 16 4 15
wall 48 48 129 16 4 15
wall 64 48 129 4 4 15
wall 184 68 129 16 4 15
wall 200 68 129 4 4 15
wall 0 80 129 12 4 15
wall 16 80 129 12 4 15
wall 360 80 129 12 4 15
wall 376 80 129 12 4 15
wall 24 88 129 16 4 15
wall 48 88 129 16 4 15
wall 64 88 129 16 4 15
wall 80 88 129 16 4 15
wall 96 88 129 16 4 15
wall 112 88 129 12 4 15
wall 132 88 129 16 4 15
wall 148 88 129 16 4 15
wall 164 88 129 16 4 15
wall 180 88 129 8 4 15
wall 200 88 129 16 4 15
wall 216 88 129 8 4 15
wall 232 88 129 16 4 15
wall 248 88 129 16 4 15
wall 264 88 129 8 4 15
wall 280 88 129 16 4 15
wall 296 88 129 16 4 15
wall 312 88 129 16 4 15
wall 336 88 129 16 4 15
wall 352 88 129 12 4 15
wall 24 104 129 16 4 15
wall 40 104 129 16 4 15
wall 56 104 129 8 4 15
wall 72 104 129 16 4 15
wall 88 104 129 16 4 15
wall 104 104 129 16 4 15
wall 120 104 129 16 4 15
wall 136 104 129 16 4 15
wall 152 104 129 16 4 15
wall 168 104 129 16 4 15
wall 184 104 129 4 4 15
wall 196 104 129 16 4 15
wall 212 104 129 16 4 15
wall 228 104 129 16 4 15
wall 244 104 129 16 4 15
wall 260 104 129 16 4 15
wall 276 104 129 12 4 15
wall 296 104 129 16 4 15
wall 312 104 129 16 4 15
wall 328 104 129 8 4 15
wall 344 104 129 16 4 15
wall 360 104 129 4 4 15
wall 0 112 129 12 4 15
wall 16 112 129 12 4 15
wall 360 112 129 12 4 15
wall 376 112 129 12 4 15
wall 104 136 129 16 4 15
wall 120 136 129 4 4 15
wall 132 136 129 16 4 15
wall 156 136 129 12 4 15
wall 176 136 129 12 4 15
wall 208 136 129 12 4 15
wall 228 136 129 12 4 15
wall 248 136 129 12 4 15
wall 320 144 129 16 4 15
wall 344 144 129 16 4 15
wall 360 144 129 4 4 15
wall 116 148 129 12 4 15
wall 136 148 129 12 4 15
wall 156 148 129 12 4 15
wall 176 148 129 16 4 15
wall 192 148 129 8 4 15
wall 208 148 129 12 4 15
wall 228 148 129 12 4 15
wall 248 148 129 12 4 15
wall 24 184 129 16 4 15
wall 40 184 129 16 4 15
wall 56 184 129 16 4 15
wall 72 184 129 16 4 15
wall 88 184 129 16 4 15
wall 104 184 129 16 4 15
wall 120 184 129 16 4 15
wall 136 184 129 16 4 15
wall 152 184 129 16 4 15
wall 168 184 129 16 4 15
wall 184 184 129 16 4 15
wall 200 184 129 16 4 15
wall 216 184 129 16 4 15
wall 232 184 129 16 4 15
wall 248 184 129 16 4 15
wall 264 184 129 16 4 15
wall 280 184 129 8 4 15
wall 292 184 129 16 4 15
wall 308 184 129 16 4 15
wall 0 192 129 16 4 15
wall 16 192 129 16 4 15
wall 32 192 129 16 4 15
wall 48 192 129 16 4 15
wall 64 192 129 16 4 15
wall 80 192 129 16 4 15
wall 96 192 129 16 4 15
wall 112 192 129 16 4 15
wall 128 192 129 16 4 15
wall 144 192 129 16 4 15
wall 160 192 129 16 4 15
wall 176 192 129 16 4 15
wall 192 192 129 16 4 15
wall 208 192 129 16 4 15
wall 224 192 129 16 4 15
wall 240 192 129 16 4 15
wall 256 192 129 16 4 15
wall 272 192 129 16 4 15
wall 288 192 129 16 4 15
wall 304 192 129 16 4 15
wall 320 192 129 16 4 15
wall 344 192 129 16 4 15
wall 360 192 129 16 4 15
wall 376 192 129 12 4 15
wall 0 0 129 4 16 15
wall 0 16 129 4 16 15
wall 0 32 129 4 16 15
wall 0 48 129 4 16 15
wall 0 64 129 4 16 15
wall 0 80 129 4 12 15
wall 0 104 129 4 16 15
wall 0 120 129 4 16 15
wall 0 136 129 4 16 15
wall 0 152 129 4 16 15
wall 0 168 129 4 16 15
wall 0 184 129 4 12 15
wall 24 0 129 4 16 15
wall 24 16 129 4 16 15
wall 24 32 129 4 16 15
wall 24 48 129 4 16 15
wall 24 64 129 4 16 15
wall 24 80 129 4 12 15
wall 24 104 129 4 16 15
wall 24 120 129 4 16 15
wall 24 136 129 4 16 15
wall 24 152 129 4 16 15
wall 24 168 129 4 16 15
wall 24 184 129 4 4 15
wall 64 8 129 4 16 15
wall 64 24 129 4 16 15
wall 64 40 129 4 16 15
wall 64 56 129 4 16 15
wall 64 72 129 4 16 15
wall 64 88 129 4 4 15
wall 104 104 129 4 16 15
wall 104 120 129 4 16 15
wall 104 136 129 4 16 15
wall 104 152 129 4 16 15
wall 104 168 129 4 16 15
wall 104 184 129 4 4 15
wall 124 148 129 4 16 15
wall 124 164 129 4 16 15
wall 124 180 129 4 8 15
wall 144 104 129 4 16 15
wall 144 120 129 4 16 15
wall 144 136 129 4 4 15
wall 144 148 129 4 16 15
wall 144 164 129 4 16 15
wall 144 180 129 4 8 15
wall 164 104 129 4 16 15
wall 164 120 129 4 16 15
wall 164 136 129 4 4 15
wall 164 148 129 4 16 15
wall 164 164 129 4 16 15
wall 164 180 129 4 8 15
wall 184 8 129 4 16 15
wall 184 24 129 4 8 15
wall 184 40 129 4 16 15
wall 184 56 129 4 16 15
wall 184 72 129 4 16 15
wall 184 88 129 4 4 15
wall 184 104 129 4 16 15
wall 184 120 129 4 16 15
wall 184 136 129 4 4 15
wall 184 148 129 4 16 15
wall 184 164 129 4 16 15
wall 184 180 129 4 8 15
wall 196 104 129 4 16 15
wall 196 120 129 4 16 15
wall 196 136 129 4 4 15
wall 196 148 129 4 16 15
wall 196 164 129 4 16 15
wall 196 180 129 4 8 15
wall 200 8 129 4 16 15
wall 200 24 129 4 16 15
wall 200 40 129 4 16 15
wall 200 56 129 4 16 15
wall 200 72 129 4 16 15
wall 200 88 129 4 4 15
wall 216 104 129 4 16 15
wall 216 120 129 4 16 15
wall 216 136 129 4 4 15
wall 216 148 129 4 16 15
wall 216 164 129 4 16 15
wall 216 180 129 4 8 15
wall 236 104 129 4 16 15
wall 236 120 129 4 16 15
wall 236 136 129 4 4 15
wall 236 148 129 4 16 15
wall 236 164 129 4 16 15
wall 236 180 129 4 8 15
wall 248 8 129 4 16 15
wall 248 24 129 4 16 15
wall 248 40 129 4 16 15
wall 248 56 129 4 16 15
wall 248 72 129 4 16 15
wall 248 88 129 4 4 15
wall 256 104 129 4 16 15
wall 256 120 129 4 16 15
wall 256 136 129 4 16 15
wall 256 152 129 4 16 15
wall 256 168 129 4 16 15
wall 256 184 129 4 4 15
wall 296 8 129 4 16 15
wall 296 24 129 4 16 15
wall 296 40 129 4 16 15
wall 296 56 129 4 16 15
wall 296 72 129 4 16 15
wall 296 88 129 4 4 15
wall 320 104 129 4 16 15
wall 320 120 129 4 16 15
wall 320 136 129 4 16 15
wall 320 152 129 4 16 15
wall 320 168 129 4 16 15
wall 320 184 129 4 4 15
wall 360 8 129 4 16 15
wall 360 24 129 4 16 15
wall 360 40 129 4 16 15
wall 360 56 129 4 16 15
wall 360 72 129 4 16 15
wall 360 88 129 4 4 15
wall 360 104 129 4 16 15
wall 360 120 129 4 16 15
wall 360 136 129 4 16 15
wall 360 152 129 4 16 15
wall 360 168 129 4 16 15
wall 360 184 129 4 12 15
wall 384 0 129 4 16 15
wall 384 16 129 4 16 15
wall 384 32 129 4 16 15
wall 384 48 129 4 16 15
wall 384 64 129 4 16 15
wall 384 80 129 4 12 15
wall 384 104 129 4 16 15
wall 384 120 129 4 16 15
wall 384 136 129 4 16 15
wall 384 152 129 4 16 15
wall 384 168 129 4 16 15
wall 384 184 129 4 12 15
window 68 0 129 16 4 15
window 84 0 129 16 4 15
window 100 0 129 16 4 15
window 116 0 129 16 4 15
window 132 0 129 16 4 15
window 148 0 129 16 4 15
window 164 0 129 16 4 15
window 180 0 129 4 4 15
door 40 0 129 8 4 15
door 64 4 129 4 4 15
door 360 4 129 4 4 15
door 192 8 129 4 4 15
door 272 8 129 4 4 15
door 184 32 129 4 8 15
door 40 48 129 8 4 15
door 12 80 129 4 4 15
door 372 80 129 4 4 15
door 40 88 129 8 4 15
door 124 88 129 8 4 15
door 188 88 129 12 4 15
door 224 88 129 8 4 15
door 272 88 129 8 4 15
door 328 88 129 8 4 15
door 0 92 129 4 12 15
door 24 92 129 4 12 15
door 360 92 129 4 12 15
door 384 92 129 4 12 15
door 64 104 129 8 4 15
door 188 104 129 8 4 15
door 288 104 129 8 4 15
door 336 104 129 8 4 15
door 12 112 129 4 4 15
door 372 112 129 4 4 15
door 124 136 129 8 4 15
door 148 136 129 8 4 15
door 168 136 129 8 4 15
door 200 136 129 8 4 15
door 220 136 129 8 4 15
door 240 136 129 8 4 15
door 336 144 129 8 4 15
door 108 148 129 8 4 15
door 128 148 129 8 4 15
door 148 148 129 8 4 15
door 168 148 129 8 4 15
door 200 148 129 8 4 15
door 220 148 129 8 4 15
door 240 148 129 8 4 15
door 288 184 129 4 4 15
door 24 188 129 4 4 15
door 320 188 129 4 4 15
door 336 192 129 8 4 15
wedge 28 52 129 4 4 4
wedge 32 52 129 4 4 4
wedge 28 56 133 4 4 4
wedge 32 56 133 4 4 4
wedge 56 52 129 4 4 4
wedge 60 52 129 4 4 4
wedge 56 56 133 4 4 4
wedge 60 56 133 4 4 4
wedge 324 108 129 4 4 4
wedge 328 108 129 4 4 4
wedge 324 112 133 4 4 4
wedge 328 112 133 4 4 4
wedge 352 108 129 4 4 4
wedge 356 108 129 4 4 4
wedge 352 112 133 4 4 4
wedge 356 112 133 4 4 4
